招募日期,公司名稱,職稱,產業別,地區,工作內容,薪資,科系要求,學歷要求,招募網址,Python,MySQL,MongoDB,Linux,Django,TensorFlow,Docker
2020/06/11,台灣谷米數位科技有限公司,2D遊戲場景美術設計,其它軟體及網路相關業,台北市大安區,"配合政府疫情對策建議，台灣谷米實施居家勤務中，期間本職務不進行篩選/約談/面試，約談可能延至6月，投遞履歷前請慎重考慮。

職務內容為:
遊戲AVG場景與概念圖之設計與完稿

・可能有東京總公司出差研修需求
・為追求遊戲風格精準，須配合遊戲世界觀風格的設計與完稿風格
・場景工作空檔期可能接觸武器物件設計製作，情境插圖，人物之完稿
・諳日文佳

需求場景風格:
ファントム オブ キル
https://i.pinimg.com/originals/34/80/f6/3480f632b56ca618557f5c4d8c37fe33.jpg
https://pk.fg-games.co.jp/assets/images/common/ogimage.jpg
https://stat.ameba.jp/user_images/20170927/23/gesuniku310/af/1b/j/o0745096014036770929.jpg?caw=800

誰ガ為のアルケミスト
https://image02.seesaawiki.jp/t/u/tagatamekouryaku/458477c8f5b2056b.png
https://s.inside-games.jp/imgs/p/1UNSdyJKsYSbpw0t-zkIAAoLiAcGBQQDAgEA/806184.jpg?thumbnailize=zoom
https://al.fg-games.co.jp/news/wp-content/uploads/2019/04/1.png

WAR OF THE VISIONS ファイナルファンタジー ブレイブエクスヴィアス 幻影戦争
https://www.jp.square-enix.com/WOTV/


台灣谷米官網
https://www.gumi.tw/
台灣谷米美術部粉絲頁:
https://www.facebook.com/gumi.tw.Art/
","月薪30,000~42,000元",['不拘'],不拘,https://www.104.com.tw/job/6v3ab,0,0,0,0,0,0,0
2020/06/11,台灣谷米數位科技有限公司,3D遊戲美術,其它軟體及網路相關業,台北市大安區,"配合政府疫情對策建議，台灣谷米實施居家勤務中，期間本職務不進行篩選/約談/面試，約談可能延至6月，投遞履歷前請慎重考慮

工作內容:
1.Low poly角色/物件/場景建模 模型調整 優化等
2.日系插畫風手繪模型貼圖
3.綁骨架

需求技能:
1.用Maya跟PS工作
2.笑看來回修改的佛性
3.主動的溝通力
4.剛好會日文的話有幫助
5.遊戲美術的專業水準與效率
6.有需要新軟體時願意學習應用

使用軟體:Maya/3dsMax/Photoshop/BodyPaint



台灣谷米美術部參與3D製作遊戲:
ファントム オブ キル
https://pk.fg-games.co.jp/
誰ガ為のアルケミスト
https://al.fg-games.co.jp/
WAR OF THE VISIONS ファイナルファンタジー ブレイブエクスヴィアス 幻影戦争
https://www.jp.square-enix.com/WOTV/

台灣谷米官網
https://www.gumi.tw/

台灣谷米美術部粉絲頁:
https://www.facebook.com/gumi.tw.Art/","月薪30,000~45,000元",['不拘'],不拘,https://www.104.com.tw/job/6cxuf,0,0,0,0,0,0,0
2020/06/10,"俊華電子企業股份有限公司(ENFORCER, SECO-LARM)","廠房維護(具基本木工,電工技術)",消費性電子產品製造業,台北市信義區,"大部分工作是廠房的維護，能立即維修的工作技能者如下：
1. 具木工及一般傢俱修繕技能：例如桌椅、櫥櫃…等維護保養
2. 具一般水電修繕技能：例如一般廠房電器設備之維護保養
3. 具一般庶務採購經驗及工程發包洽談經驗

◎ 應徵時請註明：應徵AL(Advance Level)或EL(Entry Level)。
AL：已有5-8年經驗者。起薪範圍是35,000~40,000元。
EL：沒有經驗或需受培訓者。起薪範圍在30,000~35,000元。
","月薪30,000~40,000元",['不拘'],高中以上,https://www.104.com.tw/job/3hbwq,0,0,0,0,0,0,0
2020/06/10,"俊華電子企業股份有限公司(ENFORCER, SECO-LARM)",Sales Staff,消費性電子產品製造業,台北市信義區,"◎ 應徵時請註明：應徵AL(Advance Level)或EL(Entry Level)。
AL：已有5-8年經驗者。起薪範圍面議(4萬元以上)。
EL：沒有經驗或需受培訓者。起薪範圍在30,000~35,000元。

College graduate, able to speak English fluently and write English well, and have more than 1 year experience in sales or international trade.
","月薪30,000元以上",['不拘'],大學以上,https://www.104.com.tw/job/aj81,0,0,0,0,0,0,0
2020/06/10,"俊華電子企業股份有限公司(ENFORCER, SECO-LARM)",高階主管助理,消費性電子產品製造業,台北市信義區,"熟電子、資訊、貿易、英文流利，具多項通才職能者。

◎ 應徵時請註明：應徵AL(Advance Level)或EL(Entry Level)。
AL：已有5-8年經驗者。起薪範圍是35,000~40,000元。
EL：沒有經驗或需受培訓者。起薪範圍在30,000~35,000元。
","月薪30,000~40,000元",['不拘'],大學以上,https://www.104.com.tw/job/hyub,0,0,0,0,0,0,0
2020/06/10,"俊華電子企業股份有限公司(ENFORCER, SECO-LARM)",各項技術員,消費性電子產品製造業,台北市信義區,"電子修理、測具製作、品管。

◎ 應徵時請註明：應徵AL(Advance Level)或EL(Entry Level)。
AL：已有5-8年經驗者。起薪範圍是31,000~36,000元。
EL：沒有經驗或需受培訓者。起薪範圍在28,000~31,000元。
","月薪28,000~36,000元","['電機電子工程相關', '機械工程相關', '工業工程相關']",不拘,https://www.104.com.tw/job/7vu,0,0,0,0,0,0,0
2020/06/10,"俊華電子企業股份有限公司(ENFORCER, SECO-LARM)","生企,採購助理員",消費性電子產品製造業,台北市信義區,"生企：
1. 生產排產及跟催。
2. 物料控制。
3. 與相關單位溝通及協調。
4. 生產異常原因分析。

採購：
電子、塑膠、五金零件採購。

◎ 應徵時請註明：應徵AL(Advance Level)或EL(Entry Level)。
AL：已有5-8年經驗者。起薪範圍是31,000~35,000元。
EL：沒有經驗或需受培訓者。起薪範圍在26,000~31,000元。","月薪26,000~35,000元",['不拘'],專科以上,https://www.104.com.tw/job/2kbyi,0,0,0,0,0,0,0
2020/06/10,"俊華電子企業股份有限公司(ENFORCER, SECO-LARM)",銷售工程師/Sales Engineer,消費性電子產品製造業,台北市信義區,"◎ 應徵時請註明：應徵AL(Advance Level)或EL(Entry Level)。
AL：已有5-8年經驗者。起薪範圍面議(4萬元以上)。
EL：沒有經驗或需受培訓者。起薪範圍在30,000~35,000元。

大專電子、電機、國貿科畢，英文說寫流利。
Electronics college graduate. Fluent English speaking & writing required. Electronics, security, and /or international trade experience preferred.
","月薪30,000元以上","['國際貿易相關', '電機電子工程相關']",專科以上,https://www.104.com.tw/job/26bgo,0,0,0,0,0,0,0
2020/06/10,"俊華電子企業股份有限公司(ENFORCER, SECO-LARM)","會計專員,助理",消費性電子產品製造業,台北市信義區,"1. 三年以上會計實務經驗。如應徵助理，年資不限。
2. 熟悉會計報稅作業。
3. 熟excel, word文書軟體。
4. 中打速度50字，英打40字以上。

◎ 應徵時請註明：應徵AL(Advance Level)或EL(Entry Level)。
AL：已有5-8年經驗者。起薪範圍是31,000~36,000元。
EL：沒有經驗或需受培訓者。起薪範圍在26,000~31,000元。
","月薪26,000~36,000元","['會計學相關', '其他商業及管理相關']",專科以上,https://www.104.com.tw/job/7w4,0,0,0,0,0,0,0
2020/06/10,"俊華電子企業股份有限公司(ENFORCER, SECO-LARM)","3D繪圖工程師,助理",消費性電子產品製造業,台北市信義區,"1.專科以上電子、材料、電機相關科系畢。
2.具三年以上電子產業相關工作經驗。
3.有責任感及研究精神，吃苦耐勞，抗壓性大，願接受培訓者。
4.廠內外技術轉移工程改進，生產技術/設備工程/儀器校驗。
5.新產品及相關治工具設計開發及產品導入量產之規劃。
6.製程改善相關實驗製作，製程能力分析、問題解決。

◎ 應徵時請註明：應徵AL(Advance Level)或EL(Entry Level)。
AL：已有5-8年經驗者。起薪範圍是33,000~36,000元。
EL：沒有經驗或需受培訓者。起薪範圍在28,000~33,000元。

","月薪28,000~36,000元","['電機電子工程相關', '機械工程相關', '工業工程相關']",專科以上,https://www.104.com.tw/job/3o8tu,0,0,0,0,0,0,0
2020/06/10,"俊華電子企業股份有限公司(ENFORCER, SECO-LARM)","品管工程師,副工程師,各項技術員",消費性電子產品製造業,台北市信義區,"1. 電子原物料品質追踪管理
2. 供應商品質評鑑制度建立
3. 供應商品質合約推動
4. 供應商綠色供應鍊建立
5. 供應商自評表調查及統計
6. 協助提升供應商品質
7. 產線問題分析與對策
8. 上級交辦事項處理

◎ 應徵時請註明：應徵AL(Advance Level)或EL(Entry Level)。
AL：已有5-8年經驗者。起薪範圍是33,000~38,000元。
EL：沒有經驗或需受培訓者。起薪範圍在28,000~33,000元。","月薪28,000~38,000元","['電機電子工程相關', '工業工程相關']",專科、大學、碩士,https://www.104.com.tw/job/3i506,0,0,0,0,0,0,0
2020/06/10,昌昇實業有限公司,3.49噸/小貨車配送司機（月薪28000起）,其他商品批發業,台中市后里區,"1.貨物的包裝、盤點、裝卸、運送、搬運
2.裝卸貨物，將貨物送達定點，準時將貨物送達給客戶，簽收貨物單
3.清潔車輛，並進行例行性安全檢查
4.簡易車輛故障排除、車輛的定期檢查、保養與維修通知廠商、記錄保養與維修歷程
※.上班時間固定 ,週休二日 ,比照能力表現調整薪資","月薪28,000~30,000元",['不拘'],高中以上,https://www.104.com.tw/job/5xzyv,0,0,0,0,0,0,0
2020/06/10,亞東工業氣體股份有限公司,(技術) 轉動機械維修工程師 MAC / Compression Maintenance Engineer (北區),化學原料製造業,台中市梧棲區,"1.提供專業技能來協助運轉單位的設備維護保養相關活動
2.根據工廠預防保養計畫所列之機械相關維護保養工作項目制訂各項工作之作業計畫
3.負責機械相關設備維護保養活動(包括訂定計劃和執行)
4.為機械相關設備維護保養活動準備必要之”報價需求表”，尋找合格的承攬廠商澄清規格並取得報價單
5.根據工作作業計畫協助運轉單位執行並貫徹工作危害分析
6.持續監控各運轉工廠轉動機械之關鍵指標
7.依據AL指導方針和工業標準，協助設備維護保養作業的執行",待遇面議,"['電機電子工程相關', '工程學科類']",專科、大學、碩士,https://www.104.com.tw/job/6yr03,0,0,0,0,0,0,0
2020/06/10,昌昇實業有限公司,業務助理,其他商品批發業,台中市北屯區,"1.輸入、處理並追蹤客戶訂單，並將訂單資料存檔備份。 .
2. 核對輸入銷貨單及確認貨品的和規格及單價。 
3.定期進行請款作業對帳，並整理相關表單。
4.收發訂單、與客戶協調並安排出貨，並協助處理主管交辦事務。

","月薪25,000~28,000元",['不拘'],高中以上,https://www.104.com.tw/job/5xzyx,0,0,0,0,0,0,0
2020/06/10,"俊華電子企業股份有限公司(ENFORCER, SECO-LARM)",總務庶務人員,消費性電子產品製造業,台北市信義區,"1. 協助資料建檔、彙整及其他文書作業。
2. 修繕工程廠商發包並監驗。
3. 環境、設備維護作業，需具基礎水電、家具維修能力。
4. 處理廠區突發事件及其他廠務雜項作業。
5. 房屋管理及房屋設備資料建檔及歸檔。
6. 具有房屋、土地及停車位租賃經驗者佳。
7. 倉儲、貨運、用品採購等總務工作。
8. 執行專案及主管交辦事項。

◎ 應徵時請註明：應徵AL(Advance Level)或EL(Entry Level)。
AL：已有5-8年經驗者。起薪範圍是35,000~40,000元。
EL：沒有經驗或需受培訓者。起薪範圍在30,000~35,000元。
","月薪30,000~40,000元",['不拘'],專科以上,https://www.104.com.tw/job/6hou6,0,0,0,0,0,0,0
2020/06/10,亞東工業氣體股份有限公司,(技術) 機械工程師 Mechanical Engineer (台中梧棲),化學原料製造業,台中市梧棲區,"*Provide technical expertise to work with operation team on maintenance related activities 
提供專業技能來協助運轉單位的設備維護保養相關活動
*Define Level-1 mechanical maintenance procedures (SOP) for operation team and assist the maintenance if needed  訂定Leve-1的
機械相關設備維護保養程序(SOP)給運轉單位並提供必要的相關協助
*Lead Level-2&3 mechanical maintenance activities (including planning and implementation)  負責 Level-2及Level-3
機械相關設備維護保養活動(包括訂定計劃和執行)
*Create the job plan for mechanical maintenance according to the job list of preventative maintenance plan 
根據工廠預防保養計畫所列之機械相關維護保養工作項目制訂各項工作之作業計畫
*Prepare the necessary“Request for Quotation”for Level-2&3 mechanical maintenance activities,  find the qualified contractor to clarify the specification and get the quotation. 為Level-2及Level-3
機械相關設備維護保養活動準備必要之”報價需求表”，尋找合格的承攬廠商澄清規格並取得報價單
*Work with operation team to perform and follow up the JHA according to the job plan. 
根據工作作業計畫協助運轉單位執行並貫徹工作危害分析
Continuously monitor the key indicators for operation sites 持續監控各廠之關鍵指標
*Assist to perform maintenance activities following AL guidelines and industrial standards 
依據AL指導方針和工業標準，協助設備維護保養作業的執行


",待遇面議,"['機械工程相關', '機械維護相關', '電機電子工程相關']",專科、大學、碩士,https://www.104.com.tw/job/6yj0d,0,0,0,0,0,0,0
2020/06/10,"俊華電子企業股份有限公司(ENFORCER, SECO-LARM)",資訊 MIS 助理工程師,消費性電子產品製造業,台北市信義區,"◎ 履歷請註明：應徵AL(Advance Level)或EL(Entry Level)。
AL：已有5-8年經驗者。起薪範圍是37,000~42,000元。
EL：沒有經驗或需受培訓者。起薪範圍在28,000~33,000元。

1. 使用者電腦硬體維護及故障排除。
2. 協助Server管理及備份。
3. 執行公司交辦事項。
4. 能ERP系統維護者佳。
5. 熟悉IT知識、3C等相關產品，以及具備區域及廣域網路基本概念，IP分享器、防火牆等網路設備概念者佳。
6. 熟悉Windows及Office設定、安裝及障礙排除能力。
7. 擁有基本網站建置及資訊安全相關知識或經驗。
8. 協助維護網路及電話設備的正常運作及故障排除。
9. 具備基礎相關證照者佳。","月薪28,000元以上","['資訊工程相關', '資訊管理相關']",專科以上,https://www.104.com.tw/job/6xqlc,0,0,0,0,0,0,0
2020/06/10,Home Hotel_逸寬股份有限公司,Al sorriso義式料理-外場早班服務生(大安館),旅館業,台北市大安區,"1.西餐桌邊服務.
2.早午餐前置作業及善後處理.
3.領檯作業 :訂位.帶位.
4.上班時間06:00~14:30
5.提供早班津貼.","月薪28,000~30,000元",['不拘'],高中、專科、大學,https://www.104.com.tw/job/5u512,0,0,0,0,0,0,0
2020/06/10,Home Hotel_逸寬股份有限公司,Al sorriso義式料理-外場早班領班(大安館),旅館業,台北市大安區,"1.開門班前置作業.
2.早餐前置作業及桌邊服務.
3.人力管理及調度安排. 
4.主管交辦事項及主管職務代理人.
5.具有西餐資深服務員或領班相關經驗.
6.早班津貼.
","月薪31,000~33,000元",['不拘'],專科、大學,https://www.104.com.tw/job/68y3b,0,0,0,0,0,0,0
2020/06/10,Home Hotel_逸寬股份有限公司,Al sorriso義式料理-早班內場廚師(大安館),旅館業,台北市大安區,"1.早餐備料前置作業.
2.早餐結束後善後處理.
3.具有西式廚師經驗.
4.主管交辦事項.
5.上班時間05:30~14:00.
6.早班津貼.
","月薪30,000~32,000元",['不拘'],高中以下、高中、專科、大學,https://www.104.com.tw/job/6nr6z,0,0,0,0,0,0,0
2020/06/10,"俊華電子企業股份有限公司(ENFORCER, SECO-LARM)",美術編輯助理,消費性電子產品製造業,台北市信義區,"1.	產品使用手冊：協助線稿繪製。
2.	產品目錄：將產品照片及介紹編排成冊。
3.	產品平面廣告及EDM設計。
4.	產品照片修圖/合成/去背。
5.	產品攝影：單眼相機拍攝。
6.	產品包裝盒及內襯版型：設計+手工做樣。
7.	將產品照片及介紹上傳公司網站更新。
8.	具備3D透視圖形邏輯觀念及機構設計經驗尤佳。
9.	其他本公司交辦事項，如一般行政文書工作等。

※ 需熟悉影像編輯軟體，並能獨立作業，如不熟悉，請勿應徵。如：
   Photoshop, Illustrator, InDesign, Lightroom, CorelDRAW等。
※ 其他軟體如：Word, Excel, PowerPoint 等。
※ 如面試請攜帶作品，並需繪圖軟體上機考試。
※ 需具備美感；誠實積極、負責任肯學習。

◎ 應徵時請註明：應徵AL(Advance Level)或EL(Entry Level)。
AL：已有5-8年經驗者。薪30,000~35,000元。
EL：需受培訓者。薪26,000~30,000元。","月薪26,000~35,000元",['不拘'],專科以上,https://www.104.com.tw/job/6wol1,0,0,0,0,0,0,0
2020/06/10,Home Hotel_逸寬股份有限公司,Al sorriso西式料理-外場主管,旅館業,台北市大安區,"1.業務開發及接洽.
2.現場營運管理.
3.員工教育訓練規劃及執行.
4.具溝通協調能力佳.
5.具有西餐主管級三年以上資歷.",待遇面議,['不拘'],專科、大學,https://www.104.com.tw/job/6xury,0,0,0,0,0,0,0
2020/06/10,佐臻股份有限公司,AL-通路行銷規劃師,其他電子零組件相關業,新北市汐止區,"1.新商品的通路銷售與管理
2.新商品在通路的展示、銷售活動規劃與執行
3.通路輔銷品規劃
4.與產品/業務部門溝通協調通路的活動
5.保持與通路的溝通，並追蹤活動績效
",待遇面議,"['企業管理相關', '大眾傳播學相關', '市場行銷相關']",大學,https://www.104.com.tw/job/6sxmb,0,0,0,0,0,0,0
2020/06/10,"俊華電子企業股份有限公司(ENFORCER, SECO-LARM)",行政助理/文書編輯,消費性電子產品製造業,台北市信義區,"工作內容：
1. 文書處理、繕打、編輯排版，及資料彙整等作業。
2. 整理和歸檔紙本與電子文件。
3. 收發公文並處理會簽文件。
4. SOP文件製作與會辦
5. 熟各式表單製作，如：WORD、EXCEL等。 
6. 訪客接待、環境整理等庶務工作。
7. 協助同仁與主管間溝通聯繫。
8. 其他主管交辦事項。

◎ 履歷請註明：應徵AL(Advance Level)或EL(Entry Level)。
AL：已有5-8年經驗者。起薪範圍是31,000~36,000元。
EL：沒有經驗或需受培訓者。起薪範圍在26,000~31,000元。

任職要求：
1. 中文文筆流暢，文辭能力強，文思邏輯清晰。
2. 中文打字每分鐘50字以上，英文打字每分鐘40字以上。(履歷表上請註明慣用的中文輸入法)
3. 做事細心、個性謹慎、反應靈敏。
4. 對身心靈教育、中華傳統文化典籍有研究者尤佳。
5. 大學以上學歷，企管/文史/傳播/圖資管理/社科/哲學宗教相關科系者尤佳。
","月薪26,000~36,000元",['不拘'],大學以上,https://www.104.com.tw/job/6n3u7,0,0,0,0,0,0,0
2020/06/10,"俊華電子企業股份有限公司(ENFORCER, SECO-LARM)",行政文書秘書,消費性電子產品製造業,台北市信義區,"工作內容：
1. 文書處理、繕打、編輯排版，及資料彙整等作業。
2. 整理和歸檔高階主管紙本與電子文件。
3. 熟各式表單製作，如：WORD、EXCEL等。
4. 協助主管安排行程及食宿等庶務性工作。 
5. 訪客接待、私人聚會等事宜。
6. 協助同仁與主管間溝通聯繫。
7. 其他主管交辦事項。

任職要求：
1. 中文文筆流暢，文辭能力強，文思邏輯清晰。
2. 中文打字每分鐘50字以上，英文打字每分鐘40字以上。(履歷表上請註明慣用的中文輸入法)
3. 做事細心、個性謹慎、反應靈敏。
4. 對身心靈教育、傳統文化典籍有研究者佳。
5. 大學以上學歷，企管/文史/傳播/圖資管理/社科/哲學宗教相關科系者佳。
6. 具高階主管秘書或特助經驗尤佳。

◎ 應徵時請註明：應徵AL(Advance Level)或EL(Entry Level)。
AL：已有5-8年經驗者。起薪範圍是35,000~40,000元。
EL：沒有經驗或需受培訓者。起薪範圍在30,000~35,000元。
","月薪30,000~40,000元","['企業管理相關', '本國語文相關', '圖書管理相關']",大學以上,https://www.104.com.tw/job/6n2rv,0,0,0,0,0,0,0
2020/06/10,Home Hotel_逸寬股份有限公司,Al sorriso義式料理-早班外場服務人員PT(大安館),旅館業,台北市大安區,"1.早餐桌邊服務。
2.餐飲前置作業及善後處理。
3.上班時間:06:00~11:00。",時薪160~170元,['不拘'],專科、大學,https://www.104.com.tw/job/6xzrq,0,0,0,0,0,0,0
2020/06/09,岱稜科技股份有限公司,【擴廠儲備】IE工程師,光電產業,台南市麻豆區,"1. 各工站標準工時量測，優化及改善產線作業效率
2. 生產數據分析與擬訂改善方案，包含產能規劃、監控、提升
3. 效率分析與成本監控
4. 跨部門改善專案執行與流程整合

【我們是誰？】
岱稜科技？你可能沒聽過…但是你一定親手摸過岱稜的產品！
我們是全球三大燙金箔品牌及製造商，產品主要銷往歐美等全球60幾個國家，舉凡在Johnny Walker、L'Oréal、Chanel、Disney、Unilever等日用品及精品等包裝中都看得見岱稜燙金箔產品的應用，自2003年以來每年營收穩定成長10-20%

【你會在哪裡工作？】
台灣燙金箔研發及塗佈技術獨步全球，此職缺隸屬在企業流程整合處，你能善用自己過去的專業技能和溝通管理能力，努力為產線提供解決的方案，並持續優化品牌競爭力。

【身為岱稜人有哪些員工福利?】
1. 免費單人套房宿舍
2. 中秋跟端午共1個月全薪獎金、年中、年終、加班費另計
3. 除法定的員工勞健保外，公司全額支付員工團體保險保費(含壽險、住院醫療險等)，讓員工多一層保障
4. 定期舉辦員工家庭日、國外旅遊活動、藝文及康樂活動等員工休閒活動
5. 多元化的社團和紓壓空間：羽球、慢跑、瑜珈、拳擊有氧等社團活動、提供按摩服務，讓員工能釋放生活及工作上的壓力與疲勞
6. 健康管理：每年定期舉辦市值超過$4500的員工健檢，幫助同仁掌握個人健康狀況；並安排醫師駐診隨時提供醫療諮詢
7. 近千家特約商店，並與鄰近幼稚園簽訂特約，提供優惠的托兒服務
8. 集團內部具備完整的績效獎金及晉升制度，有效地將績效與獎勵連結
",待遇面議,"['工業工程相關', '數理統計相關']",專科、大學、碩士,https://www.104.com.tw/job/6xuyl,0,0,0,0,0,0,0
2020/06/09,岱稜科技股份有限公司,產品管理師 PM,光電產業,台南市麻豆區,"1.收集印刷、經銷商市場訊息，分析趨勢並提出新產品設計構想
2.執行新產品開發專案之規劃、執行、設計及發展進度掌控、成本控制及結案程序
3.發展產品銷售計劃與推廣執行
4.全球展覽會規劃與行銷活動之進行，每年約2~3出差

【我們是誰？】
岱稜科技？你可能沒聽過…但是你一定親手摸過岱稜的產品！
我們是全球三大燙金箔品牌及製造商，產品主要銷往歐美等全球60幾個國家，舉凡在Johnny Walker、L'Oréal、Chanel、Disney、Unilever等日用品及精品等包裝中都看得見岱稜燙金箔產品的應用，自2003年以來每年營收穩定成長10-20%

【岱稜人有哪些員工福利?】
1. 提供免費單人套房宿舍
2. 除法定的員工勞健保外，公司全額支付員工團體保險保費(含壽險、住院醫療險等)，讓員工多一層保障
3. 定期舉辦員工家庭日、國外旅遊活動、藝文及康樂活動等員工休閒活動
4. 多元化的社團和紓壓空間：羽球、慢跑、瑜珈、拳擊有氧等社團活動、提供按摩服務，讓員工能釋放生活及工作上的壓力與疲勞
5. 健康管理：每年定期舉辦市值超過$4500的員工健檢，幫助同仁掌握個人健康狀況；並安排醫師駐診隨時提供醫療諮詢
6. 近千家特約商店，並與鄰近幼稚園簽訂特約，提供優惠的托兒服務
7.集團內部具備完整的績效獎金及晉升制度，有效地將績效與獎勵做有力連結
",待遇面議,"['工程學科類', '企業管理相關']",大學、碩士,https://www.104.com.tw/job/6u991,0,0,0,0,0,0,0
2020/06/09,岱稜科技股份有限公司,電機專案工程師（固定日班／碩士月薪5萬起）,光電產業,台南市麻豆區,"**歡迎豐富維修經驗的你、想要改善機台異常的你主動投遞履歷!**
1.設備、製程改善案規劃與執行
2.新設備、製程導入專案規劃與推動 
3.設備維護支援
4.技術文件撰寫與修訂
【我們是誰？】
岱稜科技？你可能沒聽過…但是你一定親手摸過岱稜的產品！
我們是全球三大燙金箔品牌及製造商，產品主要銷往歐美等全球60幾個國家，舉凡在Johnny Walker、L'Oréal、Chanel、Disney、Unilever等日用品及精品等包裝中都看得見岱稜燙金箔產品的應用，自2003年以來每年營收穩定成長10-20%

【你會在哪裡工作？】
台灣燙金箔研發及塗佈技術獨步全球，此職缺隸屬在廠務工程部，你能善用自己的設備、維修專業，努力為夥伴提供解決的方案，並持續優化品牌競爭力，與公司一同邁向智慧工廠

【身為岱稜人有哪些員工福利?】
1. 免費單人套房宿舍、中秋跟端午共1個月全薪獎金、年中、年終另計
2. 除法定的員工勞健保外，公司全額支付員工團體保險保費(含壽險、住院醫療險等)，讓員工多一層保障
3. 定期舉辦員工家庭日、國外旅遊活動、藝文及康樂活動等員工休閒活動
4. 多元化的社團和紓壓空間：羽球、慢跑、瑜珈、拳擊有氧等社團活動、提供按摩服務，讓員工能釋放生活及工作上的壓力與疲勞
5. 健康管理：每年定期舉辦市值超過$4500的員工健檢，幫助同仁掌握個人健康狀況；並安排醫師駐診隨時提供醫療諮詢
6. 近千家特約商店，並與鄰近幼稚園簽訂特約，提供優惠的托兒服務
7. 集團內部具備完整的績效獎金及晉升制度，有效地將績效與獎勵做有力連結
",待遇面議,"['電機電子工程相關', '電機電子維護相關']",大學、碩士,https://www.104.com.tw/job/6bt3n,0,0,0,0,0,0,0
2020/06/09,新加坡商立可人事顧問有限公司台灣分公司,AL－HR招募助理,人力仲介代徵,台北市信義區,"公司簡介：
新加坡商立可人事顧問公司 Recruit Express為新加坡最大招募顧問公司，隸屬於亞洲除日本地區最大招募集團HRnet Group旗下品牌。
• Facebook- www.facebook.com/recruitexpresstaiwan
• 企業官網- www.recruitexpress.com.tw

工作內容：
1. 履歷審核
2. 與求職者進行電話詳談
3. 邀約求職者進行面談, 介紹適合工作機會
4. 協助求職者與企業進行面試與前置準備

需求條件：
喜歡與人溝通、熱情活潑，熱愛挑戰。

【公司福利】

[立可內部員工福利]
實質回饋你的優秀表現，立可提供最具吸引力的薪酬福利制度，認同你的成功與認真！
-「師徒制」的養成教育、良好的主管培育以及升遷制度
- 每月個人績效獎金、每月團隊績效獎金、定期分紅制度
- 每季於五星級飯店舉行「工作坊」並頒發Star Awards予優秀同仁（Workshop & STAR Award）
- 定期與不定期部門聚餐（Dine and Wine）年度部門活動（Outing & Gathering）
- 特殊貢獻獎金（Special Management Bonus）
- 訓練補助與獎勵（Training Awards）
- 海外分公司參訪（Overseas Orientation）

[企業代徵員工]
獎金及福利制度將依照各要派公司及各職務內容而有所不同。
欲知詳細內容，請洽立可顧問。

","月薪26,000~35,000元",['不拘'],大學,https://www.104.com.tw/job/6vfff,0,0,0,0,0,0,0
2020/06/09,岱稜科技股份有限公司,生物管課長,光電產業,台南市麻豆區,"1.負責生物管課夥伴督導調配、教育訓練與單位ＫＰＩ制訂
2.進行產能規劃與產銷協調
3.優化各類物料請購與托化管控模式
4.進行各類料件(含WIP)庫存分析與管控

【我們是誰？】
岱稜科技？你可能沒聽過…但是你一定親手摸過岱稜的產品！
我們是全球三大燙金箔品牌及製造商，產品主要銷往歐美等全球60幾個國家，舉凡在Johnny Walker、L'Oréal、Chanel、Disney、Unilever等日用品及精品等包裝中都看得見岱稜燙金箔產品的應用，自2003年以來每年營收穩定成長10-20%

【身為生管工程師的你】
1.中秋、端午你可領到共1個月全薪獎金，還有分紅及年終獎金
2.因為你的工作，讓產品能夠有效率的被生產並被全球市場所應用，工作不輕鬆但是有挑戰性且能夠讓你成長或發揮所長的工作舞台
3.這份工作仍能兼顧工作與生活品質，不得已需加班，你可選擇加班費或補休。 
4.另有勞動節禮金、生日禮金、提案獎金、結婚生育補助金、供餐補助..等
5.定期舉辦人員培訓及績效考核，如果你績效優異每年固定調薪或晉升

【岱稜人還有有哪些員工福利?】
1. 免費的員工宿舍
2. 除法定的員工勞健保外，公司全額支付員工團體保險保費(含壽險、住院醫療險等)，讓員工多一層保障
3. 定期舉辦員工家庭日、國外旅遊活動、藝文及康樂活動等員工休閒活動
4. 多元化的社團和紓壓空間：羽球、慢跑、瑜珈、拳擊有氧等社團活動、提供按摩服務，讓員工能釋放生活及工作上的壓力與疲勞
5. 健康管理：每年定期舉辦市值超過$4500的員工健檢，幫助同仁掌握個人健康狀況；並安排醫師駐診隨時提供醫療諮詢
6. 近千家特約商店，並與鄰近幼稚園簽訂特約，提供優惠的托兒服務
",待遇面議,"['企業管理相關', '工業工程相關', '工業管理相關']",大學、碩士,https://www.104.com.tw/job/6x3n3,0,0,0,0,0,0,0
2020/06/09,岱稜科技股份有限公司,【6/11(四)14:00面試】週休/兩班/技術員．作業員．機台操作員（麻豆、佳里、學甲保障名額）,光電產業,台南市麻豆區,"【輪班方式】週休，月休6-8天起；週一至週五上班，兩班12H制，兩週換班
【薪資福利】依站別，每月實領33K-42K，每年保障13個月全薪，另加年終及分紅
【工作內容】無塵室製程作業進行、機台操作

【面試時間】6/11(四)14:00 →下一場：6/16(二)
【面試地址】岱稜科技一廠(麻口里1之13號，萊爾富旁小路走到底左轉，即在右手邊)
【應帶物品】口罩、筆、兩吋照及證件
*防疫期間，無口罩不得入廠，不便之處敬請見諒
*可立即上班，並彈性配合公司排班者，優先錄取
【聯繫窗口】黃小姐06-5703853 #6
【注意事項】如30天內有出國或COVID-19接觸史請來電改期，切勿前往，謝謝。


【我們是誰？】
岱稜科技？你可能沒聽過…但是你一定親手摸過岱稜的產品！
我們是全球三大燙金箔品牌及製造商，產品主要銷往歐美等全球60幾個國家，舉凡在Johnny Walker、L'Oréal、Chanel、Disney、Unilever等日用品及精品等包裝中都看得見岱稜燙金箔產品的應用，自2003年以來每年營收穩定成長10-20%

【你會在哪裡工作？】
台灣燙金箔研發及塗佈技術獨步全球，專注燙金箔生產30年，產品應用於食、衣、住、行、育、樂，產業穩定，不易受大環境影響，因應擴廠擴編高錄取，我們需要您的加入!

【身為岱稜人有哪些員工福利?】
1.中秋跟端午共1個月全薪獎金、年中、年終另計
2. 除法定的員工勞健保外，公司全額支付員工團體保險保費(含壽險、住院醫療險等)，讓員工多一層保障
3. 定期舉辦員工家庭日、國外旅遊活動、藝文及康樂活動等員工休閒活動
4. 多元化的社團和紓壓空間：羽球、慢跑、瑜珈、拳擊有氧等社團活動、提供按摩服務，讓員工能釋放生活及工作上的壓力與疲勞
5. 健康管理：每年定期舉辦市值超過$4500的員工健檢，幫助同仁掌握個人健康狀況；並安排醫師駐診隨時提供醫療諮詢
6. 近千家特約商店，並與鄰近幼稚園簽訂特約，提供優惠的托兒服務
7. 集團內部具備完整的績效獎金及晉升制度，有效與獎勵連結",待遇面議,['不拘'],高中以下、高中、專科、大學,https://www.104.com.tw/job/661gu,0,0,0,0,0,0,0
2020/06/09,大立機器工業股份有限公司,儲備維修工程師,專用生產機械製造修配業,台中市霧峰區,"機械.電路維修,電路圖偵錯,PLC圖偵錯,錯誤訊息的診斷與排除,FANUC參數的應用
FANUC控制器AL訊息判斷與修復","月薪24,000~27,000元","['機械工程相關', '電機電子工程相關']",專科、大學,https://www.104.com.tw/job/4s20p,0,0,0,0,0,0,0
2020/06/09,岱稜科技股份有限公司,【6/11(四)14:00面試】五休一/三班/技術員．作業員．機台操作員（月薪35K-42K，年終另計）,光電產業,台南市麻豆區,"【輪班方式】做五休一、8H三班制、兩週換班；月休5天起
【薪資福利】依站別，每月實領35K-42K，每年保障13個月全薪，另加年終及分紅
【工作內容】一般廠房產線作業(偶需久站負重)

【面試時間】6/11(四)14:00 →下一場：6/16(二)
【面試地址】岱稜科技一廠(麻口里1之13號，萊爾富旁小路走到底左轉，即在右手邊)
【應帶物品】口罩、筆、兩吋照及證件
*防疫期間，無口罩不得入廠，不便之處敬請見諒
*可立即上班，並彈性配合公司排班者，優先錄取
【聯繫窗口】黃小姐06-5703853 #6
【注意事項】如30天內有出國或COVID-19接觸史請來電改期，切勿前往，謝謝。


【我們是誰？】
岱稜科技？你可能沒聽過…但是你一定親手摸過岱稜的產品！
我們是全球三大燙金箔品牌及製造商，產品主要銷往歐美等全球60幾個國家，舉凡在Johnny Walker、L'Oréal、Chanel、Disney、Unilever等日用品及精品等包裝中都看得見岱稜燙金箔產品的應用，自2003年以來每年營收穩定成長10-20%

【你會在哪裡工作？】
台灣燙金箔研發及塗佈技術獨步全球，專注燙金箔生產30年，產品應用於食、衣、住、行、育、樂，產業穩定，不易受大環境影響，因應擴廠擴編高錄取，我們需要您的加入!
 
【身為岱稜人有哪些員工福利?】
1.中秋跟端午共1個月全薪獎金、年中、年終另計
2. 除法定的員工勞健保外，公司全額支付員工團體保險保費(含壽險、住院醫療險等)，讓員工多一層保障
3. 定期舉辦員工家庭日、國外旅遊活動、藝文及康樂活動等員工休閒活動
4. 多元化的社團和紓壓空間：羽球、慢跑、瑜珈、拳擊有氧等社團活動、提供按摩服務，讓員工能釋放生活及工作上的壓力與疲勞
5. 健康管理：每年定期舉辦市值超過$4500的員工健檢，幫助同仁掌握個人健康狀況；並安排醫師駐診隨時提供醫療諮詢
6. 近千家特約商店，並與鄰近幼稚園簽訂特約，提供優惠的托兒服務
7. 集團內部具備完整的績效獎金及晉升制度，有效與獎勵連結","月薪26,000~29,000元",['不拘'],高中以上,https://www.104.com.tw/job/3fiv2,0,0,0,0,0,0,0
2020/06/09,國泰綜合證券股份有限公司,分公司後臺人員(板橋分公司),證券及期貨業,新北市板橋區,"1.開戶、集保、信用、出納、KEY IN結帳作業
2.後臺帳務處理
3.主管交辦事項
4.具備融資融券業務經驗尤佳","月薪30,000~35,000元",['不拘'],高中、專科、大學,https://www.104.com.tw/job/6hjjp,0,0,0,0,0,0,0
2020/06/09,新加坡商立可人事顧問有限公司台灣分公司,AL-美商高通：IoT/XR軟體工程師，無經驗~五年以下經驗佳，英文精通,人力仲介代徵,台北市信義區,"公司簡介：
HRnetOne集團-立可人事獨家招募~*
美商高通位於台北信義區，正發展多項智慧城市與智慧家居等大型跨國專案！
高通是全球數一數二在IoT領域擁有多項專業技術的大型公司，如通訊與跨國資源等
希望參與市場趨勢，成為領先技術的一環，就趕緊加入高通吧！

招募文化：
高通是高度重視人格特質與人才發展的公司，此職位可接受無經驗者~5年以下相關工作經驗者！

職稱：
IoT/XR Software Application Engineer 

工作內容：
-Working with OEM on the design, optimization, integration, testing and commercialization of Qualcomm 5G, AR/VR, IoT solutions.
-Working with cross region and cross functional teams around the clock for resolutions.

需求條件：
-Bachelor‘s degree in Engineering, Information Systems, Computer Science, or related field.
-Good experience with Programming Language such as C, C++, Java, Python, PyTorch etc.

Preferred Qualifications:
2-5 years of software experience within the wireless, telecommunications or semiconductor industry.

IoT experience or devices (home speaker, security camera, etc) experience.
Good C/C++ skills and embedded programming skills.
Experience in Linux/Android software development in both user space and kernel space. System level issues debugging with JTAG or gdb tool.

Expertise in at least one of the following areas:
-DSP software development and algorithm implementation.
-Audio Driver.
-Audio Tuning/Acoustic.
-Power/Performance/Thermal profiling and optimization.
-Display Driver.
-Modem BSP/embedded RTOS.
-Sensor Hub.
-Memory/Storage.
-Peripheral Interfaces: PCIe/USB/I2C/SPI/UART.
-Power Management IC.
-Security features/ARM Trustzone/Fingerprint.","月薪80,000元以上",['不拘'],大學、碩士,https://www.104.com.tw/job/6susi,0,0,0,0,0,0,0
2020/06/09,岱稜科技股份有限公司,【擴廠儲備】PG程式設計師（歡迎社會新鮮人）,光電產業,台南市麻豆區,"1.進行集團軟體開發、測試與修改，負責.net程式撰寫
2.商業智慧(BI)新專案需求訪談、系統分析並製作系統需求規格書文件
3.MES製造相關報表撰寫，專案維護與異常處理 

【我們是誰？】
岱稜科技？你可能沒聽過…但是你一定親手摸過岱稜的產品！
我們是全球三大燙金箔品牌及製造商，產品主要銷往歐美等全球60幾個國家，舉凡在Johnny Walker、L'Oréal、Chanel、Disney、Unilever等日用品及精品等包裝中都看得見岱稜燙金箔產品的應用，自2003年以來每年營收穩定成長10-20%

【你會在哪裡工作？】
台灣燙金箔研發及塗佈技術獨步全球，此職缺隸屬在岱稜資訊處，主管和善親切，同仁相處融洽，辦公室備有滿滿的零食櫃，上班因為絞盡腦汁想程式或是創意會議後而疲憊時，可隨時補充能量！ 你能善用自己的專業技能與溝通力技巧，努力為夥伴提供解決的方案，並持續優化品牌競爭力，與公司一同邁向智慧工廠

【身為岱稜人有哪些員工福利?】
1. 免費單人套房宿舍、中秋跟端午共1個月全薪獎金、年中、年終另計
2. 除法定的員工勞健保外，公司全額支付員工團體保險保費(含壽險、住院醫療險等)，讓員工多一層保障
3. 定期舉辦員工家庭日、國外旅遊活動、藝文及康樂活動等員工休閒活動
4. 多元化的社團和紓壓空間：羽球、慢跑、瑜珈、拳擊有氧等社團活動、提供按摩服務，讓員工能釋放生活及工作上的壓力與疲勞
5. 健康管理：每年定期舉辦市值超過$4500的員工健檢，幫助同仁掌握個人健康狀況；並安排醫師駐診隨時提供醫療諮詢
6. 近千家特約商店，並與鄰近幼稚園簽訂特約，提供優惠的托兒服務
7. 集團內部具備完整的績效獎金及晉升制度，有效地將績效與獎勵做有力連結


",待遇面議,['不拘'],大學、碩士,https://www.104.com.tw/job/6cumm,0,0,0,0,0,0,0
2020/06/09,岱稜科技股份有限公司,區域經理,光電產業,台南市麻豆區,"1.負責開發和管理B2B渠道合作夥伴（經銷商），以擴展和維護全球市場
2.確保有效實施業務戰略和品牌管理，以拓展市佔率
3.向我們的經銷商/終端用戶（印刷廠）/品牌設計師推薦合適的產品應用程序，並管理客戶關係，提升客戶滿意度
4.與我們的PM產品經理緊密合作，在全球展覽中尋找新客戶，以實現銷售目標
5.訂單出貨與帳款管理，達成業績目標

【我們是誰？】
岱稜科技？你可能沒聽過…但是你一定親手摸過岱稜的產品！
我們是全球三大燙金箔品牌及製造商，產品主要銷往歐美等全球60幾個國家，舉凡在Johnny Walker、L'Oréal、Chanel、Disney、Unilever等日用品及精品等包裝中都看得見岱稜燙金箔產品的應用，自2003年以來每年營收穩定成長10-20%

【身為Account Manager的你】
1.平均年薪15-16個月(含中秋、端午共1個月全薪獎金)
2.勞動節禮金、生日禮金、業績季獎金、結婚生育補助金、供餐補助..等 
3.定期舉辦人員培訓及績效考核，績效優異者每年固定調薪或晉升

【岱稜人還有有哪些員工福利?】
1. 提供免費單人套房宿舍
2. 除法定的員工勞健保外，公司全額支付員工團體保險保費(含壽險、住院醫療險等)，讓員工多一層保障
3. 定期舉辦員工家庭日、國外旅遊活動、藝文及康樂活動等員工休閒活動
4. 多元化的社團和紓壓空間：羽球、慢跑、瑜珈、拳擊有氧等社團活動、提供按摩服務，讓員工能釋放生活及工作上的壓力與疲勞
5. 健康管理：每年定期舉辦市值超過$4500的員工健檢，幫助同仁掌握個人健康狀況；並安排醫師駐診隨時提供醫療諮詢
6. 近千家特約商店，並與鄰近幼稚園簽訂特約，提供優惠的托兒服務
7. 集團內部具備完整的績效獎金及晉升制度，有效與獎勵連結
",待遇面議,['不拘'],大學以上,https://www.104.com.tw/job/6wd1w,0,0,0,0,0,0,0
2020/06/09,岱稜科技股份有限公司,生產計劃管理師,光電產業,台南市麻豆區,"1.預測銷售量並擬定生產計畫
2.負責產銷協調，規劃生產排程，並評估人力、機器設備、零件原物料之需求
3.考量工人能力、機器限制、生產計畫和生產進度等因素，進行適當之工作分配
4.提出有關操作、原料分配、設備安排等相關的修正建議，增加生產量或提升品質。

【我們是誰？】
岱稜科技？你可能沒聽過…但是你一定親手摸過岱稜的產品！
我們是全球三大燙金箔品牌及製造商，產品主要銷往歐美等全球60幾個國家，舉凡在Johnny Walker、L'Oréal、Chanel、Disney、Unilever等日用品及精品等包裝中都看得見岱稜燙金箔產品的應用，自2003年以來每年營收穩定成長10-20%

【身為生管工程師的你】
1.中秋、端午你可領到共1個月全薪獎金，還有分紅及年終獎金
2.因為你的工作，讓產品能夠有效率的被生產並被全球市場所應用，工作不輕鬆但是有挑戰性且能夠讓你成長或發揮所長的工作舞台
3.這份工作仍能兼顧工作與生活品質，不得已需加班，你可選擇加班費或補休。 
4.另有勞動節禮金、生日禮金、提案獎金、結婚生育補助金、供餐補助..等
5.定期舉辦人員培訓及績效考核，如果你績效優異每年固定調薪或晉升

【岱稜人還有有哪些員工福利?】
1. 免費的員工宿舍-單人套房
2. 除法定的員工勞健保外，公司全額支付員工團體保險保費(含壽險、住院醫療險等)，讓員工多一層保障
3. 定期舉辦員工家庭日、國外旅遊活動、藝文及康樂活動等員工休閒活動
4. 多元化的社團和紓壓空間：羽球、慢跑、瑜珈、拳擊有氧等社團活動、提供按摩服務，讓員工能釋放生活及工作上的壓力與疲勞
5. 健康管理：每年定期舉辦市值超過$4500的員工健檢，幫助同仁掌握個人健康狀況；並安排醫師駐診隨時提供醫療諮詢
6. 近千家特約商店，並與鄰近幼稚園簽訂特約，提供優惠的托兒服務
",待遇面議,['不拘'],大學、碩士,https://www.104.com.tw/job/6uzdv,0,0,0,0,0,0,0
2020/06/09,岱稜科技股份有限公司,【擴廠儲備】SA系統分析師,光電產業,台南市麻豆區,"1. 進行需求訪談、分析與管理並撰寫系統分析文件，確保使用者需求功能的完整性及正確性
2. 整合跨單位專案需求並能獨立作業處理程式問題，找尋最佳解決方案
3. 運用.NET程式進行公司應用系統開發 
4. 與SD/PG溝通程式規格，進行專案或內部系統開發
5.熟悉 VS.NET、C#、MS SQL、ERP、BI、電子表單尤佳

【我們是誰？】
岱稜科技？你可能沒聽過…但是你一定親手摸過岱稜的產品！
我們是全球三大燙金箔品牌及製造商，產品主要銷往歐美等全球60幾個國家，舉凡在Johnny Walker、L'Oréal、Chanel、Disney、Unilever等日用品及精品等包裝中都看得見岱稜燙金箔產品的應用，自2003年以來每年營收穩定成長10-20%

【你會在哪裡工作？】
台灣燙金箔研發及塗佈技術獨步全球，此職缺隸屬在岱稜資訊處，主管和善親切，同仁相處融洽，辦公室備有滿滿的零食櫃，在絞盡腦汁想程式或是創意會議後，可隨時補充能量！ 你能善用自己的專業技能與溝通力技巧，努力為夥伴提供解決的方案，並持續優化品牌競爭力，與公司一同邁向智慧工廠

【身為岱稜人有哪些員工福利?】
1. 免費單人套房宿舍、中秋跟端午共1個月全薪獎金、年中、年終另計
2. 除法定的員工勞健保外，公司全額支付員工團體保險保費(含壽險、住院醫療險等)，讓員工多一層保障
3. 定期舉辦員工家庭日、國外旅遊活動、藝文及康樂活動等員工休閒活動
4. 多元化的社團和紓壓空間：羽球、慢跑、瑜珈、拳擊有氧等社團活動、提供按摩服務，讓員工能釋放生活及工作上的壓力與疲勞
5. 健康管理：每年定期舉辦市值超過$4500的員工健檢，幫助同仁掌握個人健康狀況；並安排醫師駐診隨時提供醫療諮詢
6. 近千家特約商店，並與鄰近幼稚園簽訂特約，提供優惠的托兒服務
7. 集團內部具備完整的績效獎金及晉升制度，有效地將績效與獎勵做有力連結",待遇面議,['不拘'],大學、碩士,https://www.104.com.tw/job/6vg4b,0,0,0,0,0,0,0
2020/06/09,昌昇實業有限公司,會計助理,其他商品批發業,台中市北屯區,"1.具有分錄概念、及庫存成本維護
2.進貨單登錄，應收、應付帳款帳務處理。
4.其他一般行政事務。","月薪26,000~28,000元",['不拘'],高中以上,https://www.104.com.tw/job/5xzyy,0,0,0,0,0,0,0
2020/06/09,新加坡商立可人事顧問有限公司台灣分公司,"AL-DevOps Engineer, 外商大流量純軟公司, 年薪1.2M~1.5M",人力仲介代徵,台北市內湖區,"公司簡介：
歐洲運動賽事金流平台於台灣成立之技術團隊，以深耕十年以上時間，公司規模台灣目前約300人，提供技術平台與金流服務，不碰金流營運與客服！
技術團隊扎實，大多有大型外商背景或業界佼佼者，內部有超過10個國籍的工程師，外商環境且能有英文使用的空間，產品流量大，技術進步幅度大！

職稱：DevOps Engineer (Cloud service)

工作內容：
1. Assist project manager in estimating project timeline to accurately predict the delivery of deliverable.
2. Assist project manager in work package/component system design to make sure that quality metrics are met in terms of maintainability, reliability, scalability and resilience.
3. Perform coding, testing and documentation in-line with user & system requirements to deliver source code, documents and test scripts that meet the clients' needs.
4. Document and perform knowledge transfer session to support organizations to provide perpetual support for the Cloud systems.
5. Constantly keep up-to-date with technological advancement and patterns and to ensure that skill sets are kept relevant in contributing to the development of better quality products
6. Work closely with project manager to highlight any unplanned utilization pattern which may include both under- or over-utilization
7. Constantly update project plan to allow proper tracking of project status

年薪結構：15~16個月，如績效佳，則可能更高
","月薪70,000~90,000元",['不拘'],大學、碩士,https://www.104.com.tw/job/6u7t5,0,0,0,0,0,0,0
2020/06/08,國泰綜合證券股份有限公司,營業員(新莊分公司),證券及期貨業,新北市新莊區,經紀業務之受託買賣及各項金融商品推廣。,待遇面議,['不拘'],專科、大學,https://www.104.com.tw/job/4cdd9,0,0,0,0,0,0,0
2020/06/08,國泰綜合證券股份有限公司,海外固定收益商品交易員,證券及期貨業,台北市大安區,"1.受託機構法人海外固定收益商品交易。
2.機構法人客戶及海外交易上手業務之聯繫。
3.固定收益產品訊息整理，交易報表製作。",待遇面議,['不拘'],大學,https://www.104.com.tw/job/6todw,0,0,0,0,0,0,0
2020/06/08,國泰綜合證券股份有限公司,軟體研發工程專業人員(應用系統開發部),證券及期貨業,台北市大安區,"1.應用系統程式功能設計開發及維護。
2.參與指派之專案並提供應用軟體開發服務及整合測試、除錯。
3.執行專案計畫各項工作，確保工作品質符合專案需求，依既定目標與時程完成產出。",待遇面議,['資訊管理相關'],專科,https://www.104.com.tw/job/6ut7m,0,0,0,0,0,0,0
2020/06/08,國泰綜合證券股份有限公司,前台主管(高雄分公司),證券及期貨業,高雄市新興區,"1.協助主管達成公司賦予績效目標。
2.確實完成主管交付事項。
3.帶領同仁完成公司業務工作。
4.業務規劃、管理及進度追蹤。",待遇面議,['不拘'],大學,https://www.104.com.tw/job/6wljp,0,0,0,0,0,0,0
2020/06/08,國泰綜合證券股份有限公司,外資交易員,證券及期貨業,台北市大安區,"1. 英文流利
2. 執行台股股票交易
3. 拜訪海外外資客戶
4. 須具備高度細心及學習態度",待遇面議,['不拘'],大學,https://www.104.com.tw/job/4cjqv,0,0,0,0,0,0,0
2020/06/08,國泰綜合證券股份有限公司,營業員(板橋分公司),證券及期貨業,新北市板橋區,經紀業務之受託買賣及各項金融商品推廣。,待遇面議,['不拘'],專科以上,https://www.104.com.tw/job/5gkvg,0,0,0,0,0,0,0
2020/06/08,國泰綜合證券股份有限公司,營業員(台中分公司),證券及期貨業,台中市西區,"1.負責在既有的客群中, 聯繫並建立良好的互動及滿意度
2.活化並探詢客戶尋求,進而金融商品諮詢與推廣。",待遇面議,['不拘'],專科、大學,https://www.104.com.tw/job/4al4j,0,0,0,0,0,0,0
2020/06/08,國泰綜合證券股份有限公司,營業員(忠孝分公司),證券及期貨業,台北市大安區,經紀業務之受託買賣及各項金融商品推廣。,待遇面議,['不拘'],專科以上,https://www.104.com.tw/job/3b6ij,0,0,0,0,0,0,0
2020/06/08,國泰綜合證券股份有限公司,營業員(館前分公司),證券及期貨業,台北市中正區,經紀業務之受託買賣及各項金融商品推廣。,待遇面議,"['一般商業學類', '財稅金融相關']",專科以上,https://www.104.com.tw/job/3cl3p,0,0,0,0,0,0,0
2020/06/08,國泰綜合證券股份有限公司,外資台股交易員,證券及期貨業,台北市大安區,"1.五年以上外資客戶交易經驗，能帶領外法交易團隊。
2.盤前與盤中主動與外資客戶溝通、互動。
3.獨立開發客戶的能力。
4.熟悉台股。","月薪40,000~60,000元",['財稅金融相關'],大學,https://www.104.com.tw/job/6v16c,0,0,0,0,0,0,0
2020/06/08,正璽顧問有限公司,Test Engineer III(UEFI et al),工商顧問服務業,台北市南港區,"Resources to provide support for new product development: 
- Responsible for debugging , constructing, reworking and testing prototype equipment for electrical systems & components, consistent with engineering & other applicable specifications
- Participate in debugging, trouble shooting and repairing new & esisting products
-Setup, run & monitor system tests and perform power measurements
- write & execute test plans
- Develop and improve technician process and techniques",待遇面議,['不拘'],大學以上,https://www.104.com.tw/job/6pddf,0,0,0,0,0,0,0
2020/06/08,國泰綜合證券股份有限公司,海外複委託交易員,證券及期貨業,台北市大安區,"1.受託機構法人與一般投資人海外股票、基金、債券等商品委託。
2.與客戶及交易上手業務之聯繫。
3.配合部門日夜班輪調及假期值班。",待遇面議,['不拘'],大學,https://www.104.com.tw/job/6toe7,0,0,0,0,0,0,0
2020/06/08,國泰綜合證券股份有限公司,證券化商品資深業務人員,證券及期貨業,台北市大安區,"1.開發資產證券化、不動產證券化相關業務。
2.評估及分析資產證券化及不動產證券化案件商機。
3.提供客戶資產活化相關的各項建議與服務。
4.熟悉證券化商品市場、法令變革與發展趨勢。

1.可帶領小組推動業務。
2.熟悉資產證券化及不動產證券化商品及市場實務。",待遇面議,['不拘'],大學、碩士,https://www.104.com.tw/job/6ja7k,0,0,0,0,0,0,0
2020/06/08,國泰綜合證券股份有限公司,業務員(松江分公司),證券及期貨業,台北市中山區,"經紀業務推廣(高額融資獎金)、銀行顧客開戶服務、金融理財諮詢。
不需要行銷保險，工作穩定，福利豐富，有生日禮金、年終獎金、旅遊補助、子女獎學金等多項優於同業福利。",待遇面議,['不拘'],專科、大學,https://www.104.com.tw/job/3bj46,0,0,0,0,0,0,0
2020/06/08,國泰綜合證券股份有限公司,複委託主管(台南),證券及期貨業,台南市中西區,"1.負責推廣海外商品交易
2.高底薪.高獎金
3.雲嘉南地區人員皆可
4.須具備海外商品交易經驗(銀行理專.投信相關經驗)",待遇面議,['不拘'],專科,https://www.104.com.tw/job/5brkx,0,0,0,0,0,0,0
2020/06/08,國泰綜合證券股份有限公司,軟體應用工程師,證券及期貨業,台北市大安區,"1.進行應用系統程式功能設計開發及維護修改
2.指派參與之專案提供應用軟體開發或技術支援
3.開發應用程式之單元及整合測試、除錯",待遇面議,"['財稅金融相關', '資訊管理相關']",大學,https://www.104.com.tw/job/632x8,0,0,0,0,0,0,0
2020/06/08,邁格數位有限公司,網頁設計師,網際網路相關業,台北市信義區,"此職務必須要有網頁設計的經驗，有專案控管經驗者佳。

對網際網路生態有一定程度的瞭解
能夠與專案企劃溝通網站建置創意及需求
擁有良好口語及書面表達能力
擁有良好的邏輯思考能力
熟練團隊運作並適度分配工作與資源 
瞭解客戶需求，並製作高品質的網頁設計、活動網站設計、廣告素材製作。

想不想感受一下，讓自己的設計作品大量並且快速曝光的快感，
本公司承接許多曝光量大的活動網站，只要你對自己的作品有信心，
這裡有的是機會讓妳一展長才，不要再埋沒你的才華囉！

在我們這裡，除了可以學習豐富的網路技能外，
也會不斷接觸市場最新的動態與技術，
只要您有強烈的求知慾望與學習熱忱，我們都歡迎您的加入。

唯有相信自己、才能挑戰成功。
相信您可以在邁格獲得紮實的訓練及宏觀視野！ 

◎ 代表客戶
LEVI'S 、L'ORE'AL集團、雀巢集團、豐力富、恆隆行底下多個品牌、可爾必思、住商不動產、聯廣集團…等多家品牌客戶

◎ 上班時間
10:00~18:30

◎ 薪資福利
人性化管理、週休二日、 勞健保、特休、不定時績效獎金發放
該玩還是要玩~每年出國旅遊是我們放鬆的好機會~
2016 日本 北海道
2017 泰國 華欣
2018 土耳其
2019 法國
2020 未來等你一起加入

◎ 邁格數位設計位置
台北市信義區東興路43號11樓

◎ 公司還有什麼？
休息Bar檯、DeLonghi咖啡機、空了就補的魔法零食櫃、高質感的洗手間、源源不斷的徫生紙... 等等更多等你來挖掘。休閒區具備完善，讓你用餐不用煩惱，猶如在自家中輕鬆自在。同時還有專業的瑜珈老師，為您分憂解你身體的倦，是個身心靈充滿能量的工作環境。

◎ 可以直接與我們聯繫 或是將作品Email到 service@megais.com

重點：應徵時請別忘了要附上網路作品喔！","月薪32,000~45,000元",['不拘'],不拘,https://www.104.com.tw/job/2c3q8,0,0,0,0,0,0,0
2020/06/08,國泰綜合證券股份有限公司,軟體研發工程專業人員(金融交易開發部),證券及期貨業,台北市大安區,"1.進行應用系統程式功能設計開發及維護修改。
2.指派參與之專案提供應用軟體開發或技術支援。
3.開發應用程式之單元及整合測試、除錯。
4.熟悉國內證券交易。
5.熟悉C#程式語言(開發使用TCP、UDP、Socket、Multi-Thread)。
6.能夠依據SA程式規格獨立作業。
7.能開發網路通訊系統。
",待遇面議,"['財稅金融相關', '資訊管理相關']",專科、大學,https://www.104.com.tw/job/6l1kh,0,0,0,0,0,0,0
2020/06/08,國泰綜合證券股份有限公司,營業員-證櫃人員,證券及期貨業,南投縣南投市,"派駐銀行服務人員,協助業務開發","月薪25,000~28,000元",['不拘'],大學,https://www.104.com.tw/job/6l848,0,0,0,0,0,0,0
2020/06/08,國泰綜合證券股份有限公司,自營應用工程師,證券及期貨業,台北市大安區,"1.進行應用系統程式功能設計開發及維護修改
2.指派參與之專案提供應用軟體開發或技術支援
3.開發應用程式之單元及整合測試、除錯 ",待遇面議,"['財稅金融相關', '資訊管理相關']",專科,https://www.104.com.tw/job/5wot1,0,0,0,0,0,0,0
2020/06/08,國泰綜合證券股份有限公司,數位體驗員,證券及期貨業,台北市大安區,"1.數位體驗服務專線業務諮詢服務
2.客戶關係維繫外撥
3.證券線上數位體驗問題回應(文字)
4.其他主管交辦事項","月薪30,000~35,000元",['不拘'],專科、大學,https://www.104.com.tw/job/6e60s,0,0,0,0,0,0,0
2020/06/08,國泰綜合證券股份有限公司,全委投資行政人員,證券及期貨業,台北市大安區,"1.熟系全委投資業務投資交易或會計處理之作業程序。 
2.熟悉全委投資之客戶資產價值計算、核帳及與保管銀行往來之相關事項。
3.全委投資客戶之風險控管及法律規範遵循相關。 
4.有投信基金會計處理或全委會計處理經驗者佳。",待遇面議,['不拘'],專科以上,https://www.104.com.tw/job/6ewik,0,0,0,0,0,0,0
2020/06/08,德商_商基有限公司,[外商]數據工程師 Data Engineer - Web Crawling (m/f/x),電腦軟體服務業,台北市中山區,"我們的程式部門同事來自世界各地，歡迎有興趣加入國際化團隊的朋友加入。

Commerce Connector is growing quickly. We are a Software-as-a-Service Company, based in Stuttgart, Germany with offices in Atlanta, Paris and Taipei. We help brands like L’Oréal, Bosch, 3M, LG Electronics, Samsung or Beiersdorf drive sales by easily and conveniently leading consumers worldwide to retailers where they can make their purchase.

Our interfaces with thousands of retailers like Amazon, Lazada, Shopee, Walmart, Tesco and Media Markt allow us to know precisely where a certain product is currently available. Our international team works in flat hierarchies and shows a genuine team spirit - they build the backbone of our company. The experience, know-how and commitment of our employees greatly contribute to Commerce Connector’s progress. Our clear focus through it all: the success of our customers.

There are a lot of great brands who use our products and we would love your help in bringing value to our customers with our solutions.

What you'll do...
As a member of an agile team you’ll be operating, maintaining and extending our Python based crawling platform
Creating and maintaining efficient and scalable crawling scripts (e.g. based on scrapy) to extract data from websites (mainly online shops)
Build custom Python and PHP scripts to connect various external APIs in order to retrieve and process data
Consult Customer Success Managers in general technical questions

What we'd love to see...
2+ years working experience as a web developer or data engineer (or related position) using Python and PHP (framework like Yii and NodeJS are a big plus)
Practical experience in code version control (GIT). Ideally Gitlab CI/CD.
Experience with web scraping tools (e.g. scrapy)
Profound experience in database technologies (preferably MySQL)
Infrastructure: AWS experience (e.g. EC2, S3, DynamoDB, RDS, Athena, Lambda, API gateway), Linux/Bash, Containers. Experience in Kubernetes is a big plus.
Experience in Serverless framework with AWS is a plus
Passion to self-learn about new patterns and technologies
Very good spoken and written English skills and interest in working in an international environment

What to expect...
Our positive and supportive culture encourages our people to do their best work every day. Expect daily meetups, constructive feedback, tech talks, 20 days paid vacation, flexible working hours, parties & events.

We offer a modern work environment with flat hierarchies and the chance to work internationally. Our team is dynamic and hungry to grow in an agile market. Expect an attractive compensation and benefits package and the chance to learn and grow.

Learn more about Commerce Connector: www.commerce-connector.com",待遇面議,['不拘'],大學以上,https://www.104.com.tw/job/6xluk,1,1,0,0,0,0,0
2020/06/08,岱稜科技股份有限公司,【6/11(四)14:00面試】研磨加工儲備幹部（早中班／依經驗，月薪可達39K）,光電產業,台南市麻豆區,"◆具備車床、磨床、研磨經驗尤佳，銑床、NC或CNC亦可
◆擴廠編制：麻豆、佳里、學甲保障名額

【工作內容】
1.負責加工設備及其他現場加工機操作 
2.產品製程前後之上、下料相關作業 
【輪班方式】週休，月休6-8天起；週一至週五8H早中班、兩週換班
※需配合公司，調整輪班方式(短期輪早晚班12H或常日班)
【薪資福利】每年保障13個月全薪，另加年終及分紅
【工作內容】潔淨室產線作業，偶需久站負重（需穿戴潔淨鞋帽）

【我們是誰？】
岱稜科技？你可能沒聽過…但是你一定親手摸過岱稜的產品！
我們是全球三大燙金箔品牌及製造商，產品主要銷往歐美等全球60幾個國家，舉凡在Johnny Walker、L'Oréal、Chanel、Disney、Unilever等日用品及精品等包裝中都看得見岱稜燙金箔產品的應用，自2003年以來每年營收穩定成長10-20%

【你會在哪裡工作？】
台灣燙金箔研發及塗佈技術獨步全球，專注燙金箔生產30年，產品應用於食、衣、住、行、育、樂，產業穩定，不易受大環境影響，因應擴廠擴編我們需要您的加入
 
【身為岱稜人有哪些員工福利?】
1.中秋跟端午共1個月全薪獎金、年中、年終另計
2. 除法定的員工勞健保外，公司全額支付員工團體保險保費(含壽險、住院醫療險等)，讓員工多一層保障
3. 定期舉辦員工家庭日、國外旅遊活動、藝文及康樂活動等員工休閒活動
4. 多元化的社團和紓壓空間：羽球、慢跑、瑜珈、拳擊有氧等社團活動、提供按摩服務，讓員工能釋放生活及工作上的壓力與疲勞
5. 健康管理：每年定期舉辦市值超過$4500的員工健檢，幫助同仁掌握個人健康狀況；並安排醫師駐診隨時提供醫療諮詢
6. 近千家特約商店，並與鄰近幼稚園簽訂特約，提供優惠的托兒服務
7. 集團內部具備完整的績效獎金及晉升制度，有效與獎勵連結","月薪27,000~33,000元","['機械工程相關', '機械維護相關', '汽車汽修相關']",高中、專科、大學,https://www.104.com.tw/job/6visr,0,0,0,0,0,0,0
2020/06/08,國泰綜合證券股份有限公司,權證交易員,證券及期貨業,台北市大安區,"1.權證商品設計與發行。
2.權證造市與避險交易。
3.協助開發交易相關系統。
4.熟悉衍生性商品定價與交易。
5.具程式撰寫能力。

",待遇面議,['財稅金融相關'],碩士,https://www.104.com.tw/job/6x4zm,0,0,0,0,0,0,0
2020/06/08,國泰綜合證券股份有限公司,系統開發師,證券及期貨業,台北市大安區,"1.進行應用系統程式功能設計開發及維護修改
2.指派參與之專案提供應用軟體開發或技術支援
3.開發應用程式之單元及整合測試、除錯",待遇面議,['不拘'],大學,https://www.104.com.tw/job/6vsdo,0,0,0,0,0,0,0
2020/06/08,國泰綜合證券股份有限公司,證券、期貨營業員(桃園分公司),證券及期貨業,桃園市桃園區,"1. 負責證券、期貨、選擇權之開發及接單。
2. 協銷各項金融商品（如：基金、保險及結構型商品）。
3. 協助客戶進行投資理財規劃。
4. 提供投資理財商品的諮詢服務。
5. 負責法人及VIP客戶的綜合資產管理。",待遇面議,['不拘'],高中、專科、大學、碩士,https://www.104.com.tw/job/40qik,0,0,0,0,0,0,0
2020/06/08,國泰綜合證券股份有限公司,數位營業員(台中分公司),證券及期貨業,台中市西區,"1.線上開戶KYC及額度徵審
2.客戶交易服務
3.交易風險監控","月薪32,000~37,000元",['不拘'],專科、大學,https://www.104.com.tw/job/6vth9,0,0,0,0,0,0,0
2020/06/08,國泰綜合證券股份有限公司,數位營業員(館前分公司),證券及期貨業,台北市中正區,"1.線上開戶KYC及額度徵審
2.客戶交易服務
3.交易風險監控","月薪32,000~37,000元",['不拘'],專科、大學,https://www.104.com.tw/job/6vtga,0,0,0,0,0,0,0
2020/06/08,國泰綜合證券股份有限公司,風險管理人員(財務工程),證券及期貨業,台北市大安區,"1.衍生性金融商品評價、驗證及風險分析。
2.各類風險管理系統之建置規劃、需求文件規劃、撰寫與上線驗證。
3.投資部位財務風險分析及呈報。",待遇面議,"['財稅金融相關', '統計學相關', '會計學相關']",碩士,https://www.104.com.tw/job/5k11s,0,0,0,0,0,0,0
2020/06/08,國泰綜合證券股份有限公司,用戶介面設計師(UI),證券及期貨業,台北市大安區,"1.理解投資用戶需求，搭配UI創意，設計良好的投資旅程
2.產出APP及WEB設計，並與開發團隊密切溝通合作，確保上線產品體驗品質
3.設計並維護公司數位產品的design guideline及UI元件，確保品牌視覺一致性",待遇面議,"['大眾傳播學科類', '藝術學科類', '數學及電算機科學學科類']",大學、碩士,https://www.104.com.tw/job/531ox,0,0,0,0,0,0,0
2020/06/08,國泰綜合證券股份有限公司,國外法人證券交易室實習生,證券及期貨業,台北市大安區,"1.協助外資業務員處理事務。
2.具台灣股市基本常識。
3.具團隊工作能力。
4.抗壓性高。
5.每周工作三日。","日薪1,264~1,500元",['不拘'],大學、碩士,https://www.104.com.tw/job/6le8g,0,0,0,0,0,0,0
2020/06/08,國泰綜合證券股份有限公司,服務中心人員,證券及期貨業,台北市大安區,負責接單及協助解決客戶問題,"月薪35,000~40,000元",['不拘'],大學,https://www.104.com.tw/job/6wnsb,0,0,0,0,0,0,0
2020/06/08,國泰綜合證券股份有限公司,數位營業員(板橋分公司),證券及期貨業,新北市板橋區,"1.線上開戶KYC及額度徵審
2.客戶交易服務
3.交易風險監控","月薪32,000~37,000元",['不拘'],專科、大學,https://www.104.com.tw/job/6vtgs,0,0,0,0,0,0,0
2020/06/08,國泰綜合證券股份有限公司,客服專員,證券及期貨業,台北市大安區,"1.幫助客戶解決問題(含文字回應)。
2.客戶關係維繫及其他業務外撥。
3.主管交辦事項。","月薪30,000~35,000元",['不拘'],專科,https://www.104.com.tw/job/6v1gj,0,0,0,0,0,0,0
2020/06/08,國泰綜合證券股份有限公司,結算人員,證券及期貨業,台北市大安區,"1.KEY結帳作業
2.後台作業開戶、集保、信用等作業
3.總公司結算
4.主管交辦事項
5.借券業務","月薪32,000~36,000元",['不拘'],高中,https://www.104.com.tw/job/6wmrz,0,0,0,0,0,0,0
2020/06/08,國泰綜合證券股份有限公司,業務行政人員,證券及期貨業,台北市大安區,"1.海外複委託開戶文件管理
2.各項專案追蹤及檔案管理
3.主管交辦事項","月薪30,000~35,000元","['企業管理相關', '財稅金融相關', '一般商業學類']",專科、大學,https://www.104.com.tw/job/6vzi5,0,0,0,0,0,0,0
2020/06/08,國泰綜合證券股份有限公司,複委託法人業務人員/助理,證券及期貨業,台北市大安區,"1. 開發金融機構法人
2. 法人機構關係維護，包括股債服務，提供專業投資銷售服務",待遇面議,['不拘'],碩士,https://www.104.com.tw/job/6t8bq,0,0,0,0,0,0,0
2020/06/08,國泰綜合證券股份有限公司,數位金融產品企劃,證券及期貨業,台北市大安區,"1.證券數位服務平台功能規劃、開發與營運
2.研究國內外金融科技(Fintech)發展趨勢，導入創新服務
3.與用戶體驗團隊合作，進行用戶訪談及產品流程優化
4.與數據分析團隊合作，透過數據挖掘潛在用戶價值",待遇面議,"['商業及管理學科類', '數學及電算機科學學科類']",大學、碩士,https://www.104.com.tw/job/531pe,0,0,0,0,0,0,0
2020/06/08,國泰綜合證券股份有限公司,複委託業務人員,證券及期貨業,台南市中西區,"1.負責推廣海外商品交易(海外股票、ETF、特別股、海外債券、海外基金)
2.一般客戶(含高資產客戶)開發、既有客戶關係維繫
3.高底薪、高獎金",待遇面議,['不拘'],大學以上,https://www.104.com.tw/job/6ecmp,0,0,0,0,0,0,0
2020/06/08,國泰綜合證券股份有限公司,資深數據分析人員,證券及期貨業,台北市大安區,"1.規劃與設計以『數據驅動』為核心的商業解決方案、並整合跨單位業務合作以實務落地。
2.分析數據，洞察客戶行為，提出建議或改善方案。
3.建置預測模型達到精準行銷或風險控制，達成商業決策或提升效率。
4.追蹤與分析各產品/客群行銷活動與經營成效。
5.執行與推動數據分析專案，有效組織/配合團隊合作完成專案任務。",待遇面議,"['財稅金融相關', '統計學相關', '資訊工程相關']",大學,https://www.104.com.tw/job/6uj8e,0,0,0,0,0,0,0
2020/06/08,國泰綜合證券股份有限公司,儲備法業,證券及期貨業,台北市大安區,"1.開發新客戶。
2.活化舊客戶。
3.以創新思維服務客戶。
4.高資產客戶開發及經營。","月薪32,000~35,000元",['不拘'],大學,https://www.104.com.tw/job/6v384,0,0,0,0,0,0,0
2020/06/08,國泰綜合證券股份有限公司,數位服務專員(敦南分公司),證券及期貨業,台北市大安區,"國泰證券敦南分公司是一間有別於傳統，完全以數位方式經營的證券分公司
客戶皆由數位行銷方式，透過本公司自行開發的線上開戶App導入，無業績壓力

此職務主要工作內容：
1.線上開戶KYC及額度徵審
2.客戶交易服務
3.交易風險監控
","月薪32,000~37,000元",['不拘'],專科、大學、碩士,https://www.104.com.tw/job/5on5i,0,0,0,0,0,0,0
2020/06/08,國泰綜合證券股份有限公司,後台人員(板橋分公司),證券及期貨業,新北市板橋區,"1.有key單經驗
2.後檯作業開戶、集保、出納、信用等作業
3券商工作經驗佳","月薪30,000~35,000元",['不拘'],高中、專科,https://www.104.com.tw/job/4weex,0,0,0,0,0,0,0
2020/06/08,國泰綜合證券股份有限公司,Android App 開發人員,證券及期貨業,台北市大安區,"工作內容 (職務說明):
1.	APP依規格實作功能（包含架構設計、API呼叫、UI Layout等）
2.	維護線上產品功能正常（包含Exception監控、線上問題查找修正）
3.	APP上架作業（包含Build APK、資安相關規範作業、內控相關規範作業、上架）
",待遇面議,"['資訊管理相關', '資訊工程相關']",專科、大學、碩士,https://www.104.com.tw/job/5wf7z,0,0,0,0,0,0,0
2020/06/08,國泰綜合證券股份有限公司,業務專員,證券及期貨業,台北市大安區,"1.國金CS及DS台股共銷業務推展。
2.開發高資產客戶。
3.客戶服務及法服協助。
4.擅長高資產客戶經營。","月薪32,000~36,000元",['不拘'],大學,https://www.104.com.tw/job/6r5j0,0,0,0,0,0,0,0
2020/06/08,國泰綜合證券股份有限公司,數位行銷企劃人員,證券及期貨業,台北市大安區,"1.運用數據分析的結果，描繪出客群洞察，規畫分群行銷方案
2.品牌商務策劃與規劃網路行銷推廣專案
3.客群行銷活動規劃(包含目標客群分析、成本分析、效益預估、促銷案規劃等...)
4.會員制度建立與會員經營
5.金融科技創新服務、商業模式研究與可行分析",待遇面議,"['市場行銷相關', '心理學相關', '大眾傳播學相關']",大學、碩士,https://www.104.com.tw/job/3g00h,0,0,0,0,0,0,0
2020/06/08,國泰綜合證券股份有限公司,會計人員,證券及期貨業,台北市大安區,"1.經紀業務帳務處理
2.自營業務帳務處理
3.主管交辦事項",待遇面議,"['會計學相關', '財稅金融相關']",大學,https://www.104.com.tw/job/4wtv0,0,0,0,0,0,0,0
2020/06/08,國泰綜合證券股份有限公司,經營策略規劃專員,證券及期貨業,台北市大安區,"1.關注金融市場及證券業發展趨勢，發掘新的機會及風險
2.公司經營策略規劃、商業模式研究、公司制度規範
3.公司資源投入效能與經營績效管理
4.其他主管交辦及專案項目",待遇面議,['不拘'],大學以上,https://www.104.com.tw/job/6i5ob,0,0,0,0,0,0,0
2020/06/08,國泰綜合證券股份有限公司,數位金融處-行政助理,證券及期貨業,台北市大安區,"1.負責處轄下各單位費用核銷及物品採購等事宜
2.各項報表管理及資料申報等作業
3.協助處理法令遵循相關事項
4.其他主管交辦事項","月薪30,000~35,000元",['不拘'],大學,https://www.104.com.tw/job/6vsei,0,0,0,0,0,0,0
2020/06/08,國泰綜合證券股份有限公司,短期審件工讀生,證券及期貨業,台北市大安區,負責線上開戶相關文件審查等工作,時薪158元,['不拘'],專科,https://www.104.com.tw/job/6vl5e,0,0,0,0,0,0,0
2020/06/08,國泰綜合證券股份有限公司,後台人員(敦南),證券及期貨業,台北市大安區,"1.開戶
2.集保
3.出納
4.自辦信用交易作業","月薪30,000~35,000元",['不拘'],專科、大學、碩士,https://www.104.com.tw/job/5cntk,0,0,0,0,0,0,0
2020/06/08,國泰綜合證券股份有限公司,營業員(台南分公司),證券及期貨業,台南市中西區,經紀業務之受託買賣及各項金融商品推廣。,待遇面議,"['一般商業學類', '財稅金融相關']",專科以上,https://www.104.com.tw/job/3b6l1,0,0,0,0,0,0,0
2020/06/08,國泰綜合證券股份有限公司,數據工程人員,證券及期貨業,台北市大安區,"1. 異質資料庫數據整合，建置資料倉儲
2. 數據分析、應用之相關程式(C#或VB.Net或Python)開發
3. 資料庫規劃、設計及SQL程式開發
4. 協助數據分析團隊研究機器學習(Machine Learning )之實務應用
5. 協助企劃、行銷團隊進行數據分析",待遇面議,['不拘'],大學、碩士,https://www.104.com.tw/job/53272,0,0,0,0,0,0,0
2020/06/08,國泰綜合證券股份有限公司,海外商品交易主管(桃園),證券及期貨業,桃園市桃園區,"1.負責推廣海外商品交易
2.高底薪.高獎金
3.桃竹苗地區人員皆可
4.須具備海外商品交易經驗(銀行理專.投信相關經驗)",待遇面議,['不拘'],專科,https://www.104.com.tw/job/5bs2f,0,0,0,0,0,0,0
2020/06/08,國泰綜合證券股份有限公司,資料工程專業人員,證券及期貨業,台北市大安區,"1.異質資料庫數據整合。
2.數據分析、應用之相關程式(C#或VB.Net或Python)
3.資料庫SQL語法開發。
4.協助數據分析團隊進行數據分析。
5.熟T-SQL語法及Stored Procedure開發。
6.熟MS SQL Server SSIS開發。
7.有C#或ASP.Net、Python等程式語言經驗。","月薪35,000~39,000元","['財稅金融相關', '資訊管理相關']",大學,https://www.104.com.tw/job/6vb99,0,0,0,0,0,0,0
2020/06/08,國泰綜合證券股份有限公司,軟體研發工程專業人員(應用系統開發部),證券及期貨業,台北市大安區,"1.進行應用系統程式功能設計開發及維護修改
2.指派參與之專案提供應用軟體開發或技術支援
3.開發應用程式之單元及整合測試、除錯 
4.熟悉AS/400 RPGLE、RPG",待遇面議,"['資訊管理相關', '財稅金融相關']",專科,https://www.104.com.tw/job/4ctlf,0,0,0,0,0,0,0
2020/06/08,國泰綜合證券股份有限公司,國泰證券台南分公司~駐點新營、嘉義證櫃營業員,證券及期貨業,嘉義市,"1.負責國內.外證券、期貨、選擇權之業務開發及服務。
2.協銷各項金融商品（如：基金等商品銷售）。
3.協助客戶進行投資理財規劃。
4.提供投資理財商品的諮詢服務。",待遇面議,['不拘'],專科以上,https://www.104.com.tw/job/4djpr,0,0,0,0,0,0,0
2020/06/08,國泰綜合證券股份有限公司,數位營業員(台南分公司),證券及期貨業,台南市中西區,"1.線上開戶KYC及額度徵審
2.客戶交易服務
3.交易風險監控","月薪32,000~37,000元",['不拘'],專科、大學,https://www.104.com.tw/job/6vthd,0,0,0,0,0,0,0
2020/06/08,國泰綜合證券股份有限公司,軟體研發工程專業人員(金融交易開發部),證券及期貨業,台北市大安區,"1.進行應用系統程式功能設計開發及維護修改。
2.指派參與之專案提供應用軟體開發或技術支援。
3.開發應用程式之單元及整合測試、除錯。
4.熟悉C/C++程式語言開發。
5.能夠依據SA程式規格獨立作業。",待遇面議,['不拘'],大學,https://www.104.com.tw/job/6q5mg,0,0,0,0,0,0,0
2020/06/08,國泰綜合證券股份有限公司,軟體品質管控人員,證券及期貨業,台北市大安區,"1. 軟體功能性驗測、整合性驗測、壓力測試及後續問題追蹤管理
2. 規劃自動化驗測流程及相關工具技術並導入執行
3. 測試計劃撰寫及測試環境規劃及建置
4. 系統平台維運架構優化
5.	略熟C#、Asp.net或java等程式開發工具
6.	熟git、自動化驗測流程及相關工具技術
7.	主動積極、細心負責、重視團隊合作",待遇面議,['資訊管理相關'],大學,https://www.104.com.tw/job/6xrdg,0,0,0,0,0,0,0
2020/06/08,國泰綜合證券股份有限公司,集團共同行銷業務經理--台北/新竹/台南/高雄/花東,證券及期貨業,台北市大安區,"1. 國泰人壽高資產客戶開發行銷、提供投資策略與配置建議。
2. 國泰人壽共銷人員通路開發、教育訓練、關係維護。
3. 主要推廣 : 複委託產品，如:海外債券、股票、基金。
4. 本公司全國各地區人力需求尤以中南部為優先錄取。

1.需備高資產客戶開發行銷能力及服務能力，以熟悉海外債券及特別股者尤佳。
2.具金融投資理財或財富管理領域五年以上資歷。銀行理專經歷尤佳。
3.具企圖心、主動積極、自我管理能力良好。
4.具親和力、溝通能力、有教育訓練經驗者尤佳",待遇面議,['財稅金融相關'],大學、碩士,https://www.104.com.tw/job/6ftf0,0,0,0,0,0,0,0
2020/06/08,國泰綜合證券股份有限公司,數位營業員(桃園分公司),證券及期貨業,桃園市桃園區,"1.線上開戶KYC及額度徵審
2.客戶交易服務
3.交易風險監控","月薪32,000~37,000元",['不拘'],專科、大學,https://www.104.com.tw/job/6vth3,0,0,0,0,0,0,0
2020/06/08,國泰綜合證券股份有限公司,資深風險管理專業人員,證券及期貨業,台北市大安區,"1.各類風險控管模式及執行流程優化。
2.整體風險衡量、管理、分析與呈報。
3.金融商品評價、驗證及分析。",待遇面議,['不拘'],大學、碩士,https://www.104.com.tw/job/5k11c,0,0,0,0,0,0,0
2020/06/08,國泰綜合證券股份有限公司,資深理財顧問(台北.桃園 .台中 .台南 .高雄),證券及期貨業,台北市大安區,"1.因應證券OSU業務開辦，擴大招募資深理財顧問
2.針對高資產客戶，提供全方位投資理財服務
3.透過資產配置，協助客戶資產穩定增長
4.開發財富管理客戶與客戶關係維繫",待遇面議,['不拘'],專科,https://www.104.com.tw/job/43dn0,0,0,0,0,0,0,0
2020/06/08,國泰綜合證券股份有限公司,程式設計工程師,證券及期貨業,台北市大安區,"1.負責自營交易系統開發與維護
2.具備C#,C++或VB 開發經驗 
3.具備MS-SQL開發經驗 
4.能團隊合作及良好溝通能力
5.願意學習需要技術",待遇面議,['不拘'],大學、碩士,https://www.104.com.tw/job/45jdi,0,0,0,0,0,0,0
2020/06/08,國泰綜合證券股份有限公司,資訊安全專業人員,證券及期貨業,台北市大安區,"1.資訊安全作業管理
2.資安查核與檢測缺失及強化項目之改善與追蹤
3.資訊專案之資安風險評估
4.資訊安全/個人資料保護 教育與宣導
5.內外部資訊安全查核協調及委外資安管理與查核 ",待遇面議,['不拘'],大學,https://www.104.com.tw/job/6yd1b,0,0,0,0,0,0,0
2020/06/08,國泰綜合證券股份有限公司,軟體研發工程專業人員(應用系統開發部),證券及期貨業,台北市大安區,"1.配合業務發展進行應用系統程式功能設計開發及維護。
2.協助使用者協調廠商或整合內部資源以完成各項資訊專案。
3.參與指派之專案並提供應用軟體開發服務及整合測試、除錯。
4.執行專案計畫各項工作，確保工作品質符合專案需求，依既
    定目標與時程完成產出。

1.熟悉C#開發工具。
2.具2年以上C#及WEB開發維護經驗。",待遇面議,['資訊管理相關'],專科、大學,https://www.104.com.tw/job/6jjot,0,0,0,0,0,0,0
2020/06/08,國泰綜合證券股份有限公司,國泰證券台中分公司~駐點苗栗證櫃營業員,證券及期貨業,苗栗縣苗栗市,"1.負責國內.外證券、期貨、選擇權之業務開發及服務。
2.協銷各項金融商品（如：基金等商品銷售）。
3.協助客戶進行投資理財規劃。
4.提供投資理財商品的諮詢服務。","年薪400,000~700,000元",['不拘'],專科、大學,https://www.104.com.tw/job/6qsrd,0,0,0,0,0,0,0
2020/06/08,國泰綜合證券股份有限公司,軟體研發工程專業人員(應用系統開發部),證券及期貨業,香港特別行政區,"1. 協助使用者協調廠商或整合內部資源以完成各項資訊專案。
2. 配合香港子公司業務發展進行應用系統程式功能設計開發及
    維護。
3. 參與指派之專案並提供應用軟體開發服務及整合測試、除錯。
4. 執行專案計畫各項工作，確保工作品質符合專案需求，依既
    定目標與時程完成產出。
5. 具備C#、MSSQL、Java等Open程式開發/維護經驗。
6. 本職務須出差派駐香港。",待遇面議,['資訊管理相關'],專科、大學,https://www.104.com.tw/job/6jytp,0,0,0,0,0,0,0
2020/06/08,國泰綜合證券股份有限公司,海外投資科主管(台北/桃園/台中/台南/高雄),證券及期貨業,高雄市新興區,"1.需具5年以上證券/銀行/投信/壽險等金融機構投資理財經驗
2.具備金融專業知識與分析
3.具通路開發推展. 維繫客戶關係經驗
4.能獨立作業,帶領團隊學習與成長達成分公司業績目標
5.積極、具抗壓性及溝通協調能力
6. 分公司達到複委託業務目標
7. 複委託相關產品及銷售技巧之教育訓練
8. 規劃公司營業人員培訓及適時給予輔導，並定期做業績檢討
9. 協助公司推動政策或將實務狀況反應給公司
10. 督導營業員工作績效
11.統籌/招募/考核/輔導業務團隊
12.提升公司績效與分公司營業員生產力
",待遇面議,['一般商業學類'],大學,https://www.104.com.tw/job/6sva3,0,0,0,0,0,0,0
2020/06/08,國泰綜合證券股份有限公司,數位軟體研發專業人員,證券及期貨業,台北市大安區,"[團隊簡介]
我們是以數位方式經營客戶的團隊，在團隊中有行銷、客戶經營、數據分析、程式開發等各種專業人才，每周會有同事進行讀書分享以開闊自己的視野，更期待透過個人的成長來實現團隊的成長

[工作職務說明]
我們的開發內容都是面對客戶的服務，主要在整合公司內部的服務以提供給客戶最好的使用體驗，因此在開發之外常常需要與各單位進行溝通，不論是在開發或溝通上都頗具挑戰

工作需具備的技能如下

1.C# Backend端socket程式開發。
2.C# Web Service開發。
3.資料庫設計與SQL程式開發。",待遇面議,['不拘'],大學、碩士,https://www.104.com.tw/job/6ut8m,0,0,0,0,0,0,0
2020/06/08,國泰綜合證券股份有限公司,軟體研發工程專業人員(金融交易開發部),證券及期貨業,台北市大安區,"1.交易系統維運管理。
2.專案進度管理與追蹤。
3.開發廠商溝通協作。
4.測試相關開發及換版相關作業。",待遇面議,['資訊管理相關'],大學,https://www.104.com.tw/job/6v3eo,0,0,0,0,0,0,0
2020/06/07,G.D. restaurant_恏客飲食文化股份有限公司,內場西式廚師,餐館業,新竹縣竹北市,"你需要對餐飲業有熱誠，喜歡服務業、享受服務業的疲累與隨之而來的成就感。除了喜歡烹飪，不能「只是喜歡做菜的人」，而是理解廚房工作的基本條件：有點熱、有點辛苦，好學、樂於團隊合作、注重衛生、喜愛食材、不妥協。

當然，我們會以不錯的待遇、福利跟相較之下舒服很多的餐飲人生活來回饋，想要加入我們的餐飲人們，請將你的履歷與短短的自我介紹（告訴我們你喜歡/討厭餐飲業的原因、最近看的電影、喜歡的音樂，最愛的食物等等都可），寄到gd.restaurantbar@gmail.com ，我們需要你！

We are hiring!
We are opening a contemporary Italian Restaurant in Zhubei (Hsinchu City), looking for enthusiastic, skilled and professional team members (front and back of house ) who love connecting with people to work with us. We offer: Fun, meaningful work, meal benefits and competitive pay.
Apply via e-mail : gd.restaurantbar@gmail.com

Nuova apertura a Zhubei (Hsinchu):
Reclutiamo Chef per ogni posizione in cucina e sala , cerchiamo persone con grande predisposizione al lavoro e voglia di crescere in una squadra affiatata per raggiungere ottimi obbiettivi .Se interessati prego inviate pure il vostro CV via email: noi.taipei@gmail.com
","月薪26,000~36,000元",['不拘'],不拘,https://www.104.com.tw/job/6o7zo,0,0,0,0,0,0,0
2020/06/05,新加坡商立可人事顧問有限公司台灣分公司,"AL-企業實習顧問, 導師制, 讓你一步一腳印加入我們成功的行列!",人力仲介代徵,台北市信義區,"全亞洲最大的獵才公司: 新加坡商立可人事歡迎您的加入!
To be part of our success!
地點於台北市信義區

有聽過獵頭師Head Hunter嗎?
人事招募顧問就是Head Hunter.

我們致力於幫求職者找到最好的職涯發展; 也努力成為我們客戶在招募上最好的商業夥伴!

在工作上, 企業實習顧問需要面試求職者, 幫忙求職者找到最好的工作職涯!
訓練過程中為: 導師制, 可以讓你按部就班地學習如何成為一個好的顧問.
能夠幫助求職者與客戶在事業上成功!

上班時間: 8:30-17:30 周休二日 (最少一周配合4個工作天)

工作內容: 
- Screen CVs
- Phone interview with candidates
- Face to face interview with candidates
- Share good vacancies with candidates
- Help candidates find good jobs

若您對人才招募工作感興趣, 歡迎將投遞履歷至ada@recruitexpress.com.tw",待遇面議,['不拘'],大學,https://www.104.com.tw/job/4xwcy,0,0,0,0,0,0,0
2020/06/05,新加坡商立可人事顧問有限公司台灣分公司,AL-BI Engineer (資料倉儲)，月薪50K~65K,人力仲介代徵,台北市信義區,"公司簡介：
不受疫情影響, 依然屹立不搖, 大舉招募!
歐洲集團下, 位於台灣的技術團隊, 規模約300人, 有超過15個國籍的工程師!
產品線多元, 擁有自己的品牌/平台/產品等.

職稱: BI Engineer (資料倉儲)

工作地點:
內湖瑞光路上

Job Description  
1.To provide communicating and supporting to end users regarding to our software services to meet/exceed the SLA commitment;
2. To identify root causes of problems, to figure out solution, to estimate, to plan and to carry out the fixing procedure to meet/exceed the SLA commitment;
3. To compile logs, update status, problem tracking and urgent incident reports as evidences of SLA fulfillment; 
4. To do the releasing of software upgrades, fix packs and new features into users’ environments;
5. To collaborate with teams to solve problems and to eliminate defects to meet/exceed the SLA commitment;
6. To collaborate with teams to conduct the migration of adopting new technology on the existing systems;
7. To evolve systems for problem preventing, performance improving, monitoring and administrating. Being familiar with data movement (extract, transform, load), especially Trinity with Teradata BTEQ Script.","月薪50,000~65,000元",['不拘'],大學以上,https://www.104.com.tw/job/6v0nl,0,0,0,0,0,0,0
2020/06/05,新加坡商立可人事顧問有限公司台灣分公司,"AL-人事招募顧問, 歡迎大學畢業新鮮人!!",人力仲介代徵,台北市信義區,"The Leading Head Hunting Consultancy Firm in APAC Region
新加坡商立可人事歡迎您的加入!
地點於台北市信義區松仁路97號10樓 (群益金融大樓, 一蘭拉麵樓上)

上班時間: 8:30-17:30 周休二日

工作內容: 
1. 企業開發, 管理與服務
2. 進行求職者面試
3. 協助企業招募人才 
4. 業績目標達成

需求條件: 
喜歡接受挑戰, 抗壓性高
擅長與人溝通
具同理心
英文中上

Here to learn more about us!
Our key clients are startup companies, multi-nations IC design house and gaming companies with global projects. From our client list, you can see that we are an Innovative team with Challenge takers, Market pioneers and International integrators.

在立可，不論是資深或者資淺的員工都有能夠作夢並實現他。
因為我們的業績目標與我們的薪資結構息息相關，沒有人會限制你的發展與目標。
如果你想要年薪百萬以上，那麼我可以說：只要你敢夢、敢追，你就可以自己決定薪資。
如果你也是一個”Poor enough”的人，無論是經濟上或是心靈上，只要你有一顆善良且正直的心、勇往直前的態度，我們都非常期待與你／妳共事！

From our colleagues:
-在立可當獵頭讓你每天都覺得充實無時無刻在進步，每個同事都年輕優秀且樂於分享，且工作氣氛活潑，我想這是立可最吸引我的地方。此外，我每天可以見到不同的求職者及客戶，聽他們分享產業中最新的技術及市場近況，這些都讓我在工作上每天都覺得能量滿滿。

-你喜歡付出之後獲得豐碩報酬的那種成就感嗎？在立可，你可以獲得很多，無論是幫忙求職者找到一份好工作；或是幫公司獵中難得的奇才；又或者是豐厚的薪資報酬！

-這是我畢業後的第一份工作，當初會選擇加入立可，最吸引我加入的原因是覺得公司裡面的同事看起來都很專業也很厲害，不僅講話有條理也展現出非同的成熟感。我們的每個同事都很樂於分享，在有人工作遇到困難時，身旁的同時都會很樂意提供協助，並且彼此鼓勵。",待遇面議,['不拘'],大學,https://www.104.com.tw/job/4obix,0,0,0,0,0,0,0
2020/06/05,新加坡商立可人事顧問有限公司台灣分公司,AL-新加坡商立可人事: HR招募助理,人力仲介代徵,台北市信義區,"新加坡商立可人事為全亞洲最大的獵才公司.
位於台北市信義區松仁路上.
主要提供企業人才招募服務, 協助人才找尋合適的工作.

職稱: HR 招募助理
工作內容:
1. 履歷審核
2. 與求職者進行電話詳談
3. 邀約求職者進行面談, 介紹適合工作機會
4. 協助求職者與企業進行面試與前置準備

提供導師制教學, 讓對HR招募有興趣的你/妳, 可以更快上手!","月薪26,000~35,000元",['不拘'],大學,https://www.104.com.tw/job/60cmo,0,0,0,0,0,0,0
2020/06/05,新加坡商立可人事顧問有限公司台灣分公司,AL-全球最大區塊鏈金融交易軟體公司：Sr. Software Engineer in Test/Sr. QA,人力仲介代徵,台北市信義區,"公司簡介：
全球最大區塊鏈金融交易軟體公司，位於信義區松仁路上
2014年成立，跨國與各大基金銀行合作，穩定度高且值得信賴
公司內部成員多為技術社群頂尖的工程師，底層技術扎實且為區塊鏈金融應用的世界先驅，引領世代革命！

職稱：Sr. Software Engineer in Test/Sr. QA

工作內容:
-負責規劃產品的 Test Plan & Test Case
-自動化測試的實作 (API/Web/App)
-與 Developer 跟 SRE 合作改善 CI/CD 流程，提升軟體品質

需求條件：
－具有線上產品完整⽣生命週期的軟體測試經驗
－至少專精⼀種程式語⾔言
－熟悉自動化測試⼯工具，例例如：
Testing Framework: Robotframework, Cucumber, Jmeter, Pytest
Web Browser Testing Tool: Selenium, BrowserStack, Source Labs
Mobile Device Testing Tool: Appium
-CI/CD 流程的測試整合經驗
-熟悉 Linux 作業環境以及 Container & VM 操作

加分條件：
－熟悉區塊鏈相關技術，例如：Bitcoin, Ethereum, Tendermint, Eris, Ripple, Open Blockchain
－資訊安全相關背景，例如： OWASP 資安測試經驗
－參與過 C10K 線上系統開發
－CNCF 相關維運⼯具使用經驗，例如：Kubernetes,Prometheus, ELK
－Public Cloud Provider 相關使⽤經驗 (AWS/Azure/GCP)
－有以下語言相關使用經驗，Ruby on Rails, Node.js, Golang
","月薪100,000元以上",['不拘'],專科以上,https://www.104.com.tw/job/6vflc,0,0,0,0,0,0,0
2020/06/05,台灣百靈佳殷格翰股份有限公司,205714 Medical Science Liaison - Specialty Care,其他醫療保健服務業,台北市中山區,"Description:
The Medical Science Liaison (MSL) serves as a field based extension of medicine. The primary role of the MSL function is to provide scientific information to SEs/HCPs and to implement medical programs and support medical/scientific needs of SEs/HCPs in specialty care.

Duties & Responsibilities:
1. Effective and scientific communication with SEs to provide the most wanted and up-to-date scientific information of BI products and related therapeutic area including response to external enquiries through credible and clear non-promotional way 
2. Develop and implement KOL management plan, and build up scientific network with KOL 
3. Provide scientific support to medical/marketing activities by facilitating scientific presentations and medical education programs 
4. Develop and implement dissemination & publication plans directly supporting medical plan and works with key scientific experts  
5. Implement medical plan and activities, e.g, advisory board meeting and CME/SEM 
6. Deliver up-to-date BI products and related therapeutic area information to marketing and sales force and provide training in a regular basis 
7. Coordinate all local clinical trials programs (e.g., Phase IV studies, IIS, NIS,PMS, registry, EAP et al) ",待遇面議,"['藥學相關', '其他醫藥衛生相關']",碩士以上,https://www.104.com.tw/job/6ui7p,0,0,0,0,0,0,0
2020/06/05,來億興業股份有限公司,MES工程人員(樂億II-越南廠徵才),鞋類製造業,越南,"1.	5年以上MES 開發及導入經驗
2.	具基本英文溝通能力 
3.	主管交辦專案事項
",待遇面議,"['資訊工程相關', '電機電子工程相關']",大學,https://www.104.com.tw/job/6gz5f,1,0,0,0,0,0,0
2020/06/03,美商集成全球科技股份有限公司在台辦事處,SI/PI Simulation Engineer,IC設計相關業,台北市文山區,"1. Chip-Package-PCB channel simulation to validate package design
1.1. Package/PCB model extraction
1.2. Power integrity (PI) channel simulation for core power
1.3. Signal integrity (SI) and PI channel simulation for high speed interfaces such as DDR, SerDes, PCIe et al.
2. Package/PCB layout review and co-design
2.1. Package/PCB layout review
2.2. Provide design guidelines for PI/SI optimization",待遇面議,['電機電子工程相關'],大學、碩士,https://www.104.com.tw/job/6y8ux,0,0,0,0,0,0,0
2020/06/02,環鴻科技股份有限公司,專案管理 Project manager (Paris),消費性電子產品製造業,法國,"Project manager for business and operation management analysis：
1. Communicate project goals and scope clearly with project team members and have them understand what to achieve
2. Support project DRIs to understand local situation and develop suitable project implement methods and partner with local teams on project execution on the selected sites.
3. Manage cross-sites' project activities and ensure project's direction and progress on track and achieve company's goals
4. Proactively identify problems and provide possible solution and resolve the problems with project teams.
5. Conduct operation and business management performance analysis based on financial and accounting knowledge
6. Develop periodically project report
7. Coordinate cross-site meetings for project execution review",待遇面議,['不拘'],大學以上,https://www.104.com.tw/job/6u4tb,0,0,0,0,0,0,0
2020/06/02,光洋應用材料科技股份有限公司,A706100 資深材料應用工程師（光科廠）,其他金屬相關製造業,台南市柳營區,"1.對內與製程及品質部門協力解析靶材品質問題，對外搭配業務或單獨接觸客戶進行技術服務，並與客戶建立良好關係。　 
2.對應客戶端的技術服務，包含靶材驗證、客訴處理對應、薄膜製程異常改善、協助客戶改善良率issue、新材料導入與驗證等。
3.具半導體經驗亦佳。",待遇面議,"['工程學科類', '工業技藝及機械學科類', '數學及電算機科學學科類']",碩士以上,https://www.104.com.tw/job/6ejeu,0,0,0,0,0,0,0
2020/06/01,瑞健股份有限公司,AL_產線組長(中、夜班)(立刻應徵http://job.shl.group),醫療器材製造業,桃園市桃園區,"01.訓練產線人員
02.產線巡檢
03.物料控管
04.報表審核
05.品質控管
06.其他主管交辦事項
(立刻應徵http://job.shl.group)","月薪30,000~40,000元",['不拘'],專科、大學,https://www.104.com.tw/job/6ci1a,0,0,0,0,0,0,0
2020/05/30,唯渥國際有限公司,產品運營資料分析師,其他商品批發業,菲律賓,"產品運營資料分析師
資料分析師職責：
1.	管理資料，包括創建，更新和刪除；
2.	導入資料驅動決策相關分析，必要時需要跨部門合作；
3.	調試和停用資料集；
4.	根據準則處理機密資料和資訊；
5.	幫助開發報告和分析；
6.	管理和設計報告環境，包括資料來源，安全性和中繼資料；
7.	配合資料倉庫識別和修訂報告要求；
8.	配合資料完整性和標準化的計畫；
9.	評估測試並實施新的或升級的軟體；
10.	從單個或多個系統生成報告；
11.	對報告資料庫環境和報告進行故障排除；
12.	評估資料分析系統的更改和更新；
13.	在新報告和儀錶板上對內部員工進行教育訓練；
14.	提供有關資料存儲結構，資料採擷和資料清理的技術專長；
15.	提供各單位業務相關資料撈取工具與報表；
","月薪40,000元以上",['數學及電算機科學學科類'],大學以上,https://www.104.com.tw/job/6yf8o,1,0,0,0,0,0,0
2020/05/28,瑞健股份有限公司,AL_組裝線主任 Assembly Supervisor (桃園or 南崁),醫療器材製造業,桃園市桃園區,"瑞健身處於品質嚴謹與要求精確的醫療器材產業,在這裡,所有的製程都必須在高規格的條件中進行,故所生產的產品能通過歐美品質法規並為人們的生活福祉有所貢獻。因多元的產品線與產量的持續擴充,我們需求有經驗並具備專業技能的產線主管一起加入我們,為組織的成長一同努力。以下為職務內容的簡介與說明： 
1.負責產線作業的規劃與管理
2.致力於產能提升與成本控管
3.確實執行生產目標,並擬定產線生產計畫
4.管理部門,協助達成各項產能與品質指標(KPI)
5.收集、分析並統計各項生產數據與產能效率
6.負責所管轄產線人員的出勤與產量控管
7.有效配置產線人員、資源與行政措施
8.評核產線人員績效並指導提升
9.跨產線/部門溝通與專案協調
10.工作流程改善提案及實施",待遇面議,"['工業工程相關', '工業管理相關', '工程學科類']",專科、大學、碩士,https://www.104.com.tw/job/6cimz,0,0,0,0,0,0,0
2020/05/25,Nityo Infotech Services Limited,Senior Software Package Architect,電腦系統整合服務業,廣東省深圳市,"•	Role: Senior Software Package Architect
•	Mode of Hiring: 2 year contract with IT Giant
•	Years of Experience: 10+ years
•	Benefits : 13 months salary, 10 Al’s & 6 Sl’s
•	Notice Period: Immediate to 2 month 
•	Location  : Shenzen
•	No of Opening: 1
 
JD : 
Module  : Order center
Product : Supply order
Required Position : Design 

Minimum service requirement: 10 years 
1. Have rich experience in designing and developing Oracle EBS products, be familiar with data tables, data flows, and interfaces of the EBS supply chain module (OM/INV/WIP/BOM), and be able to interpret the core code of the EBS. 

2. Have strong architecture insight capabilities, be able to complete the system function design required by the project team, such as data modeling and system architecture design, and work with the implementation team to complete product rollout. 

3. Good communication and expression skills, strong teamwork capabilities, and strong pressure-resistance capabilities 
","月薪800,000~1,500,000元",['不拘'],大學、博士,https://www.104.com.tw/job/6wssk,0,0,0,0,0,0,0
2020/05/25,Nityo Infotech Services Limited,Senior Software Package Architect,電腦系統整合服務業,廣東省深圳市,"•	Role: Senior Software Package Architect
•	Mode of Hiring: 2 year contract with IT Giant
•	Years of Experience: 10+ years
•	Benefits : 13 months salary, 10 Al’s & 6 Sl’s
•	Notice Period: Immediate to 1 month 
•	Location  : Shenzen
•	No of Opening: 1
 
JD : 
Module  : ERP PM/PA/PC/AR/RMCS (Revenue management module)
Product : OTC Project accounting, revenue cost
Required Position : Design core coding writing

""Minimum service requirement: 10 years 

1. Be familiar with the functions, business flows, data flows, system implementation logic, and system control points of the financial application modules (PM, PA, PC, AR, and RMC) of EBS or Fusion. 
2. Have a good understanding of the globalization/internationalization functions and architecture of EBS or Fusion products. 
3. Have more than 10 years of experience in EBS or Fusion, and have ERP implementation experience in more than 5 large enterprises. Be familiar with the enterprise's sales, supply chain fulfillment, and billing and revenue processes. Experience in large multinational enterprises is preferred. 
4. Be familiar with EBS or Fusion background technologies, background tables, APIs, and various development tools (including but not limited to Report Builder, Form Builder, PL/SQL, and ADF), and have rich experience in function extension. Experience in IT planning for large enterprises, ERP cloudification, or microservice design is preferred. 
5. Familiarity with Oracle databases and rich experience in SQL performance tuning; 
6. Be familiar with the EBS technology and deployment architecture, have rich experience in EBS system O&M, and be able to solve various difficult system problems. 
"" 
","月薪800,000~1,500,000元",['不拘'],大學,https://www.104.com.tw/job/6wssn,0,0,0,0,0,0,0
2020/05/25,Nityo Infotech Services Limited,Senior Software Package Architect,電腦系統整合服務業,廣東省深圳市,"•	Role: Senior Software Package Architect
•	Mode of Hiring: Permanent
•	Years of Experience: 10+ years
•	Benefits : 13 months salary, 10 Al’s & 6 Sl’s
•	Notice Period: Immediate to 2 month 
•	Location  : Shenzen
•	No of Opening: 1
 

JD : 
""Minimum service life: 10 years. Select one from the two options. 

1. Leading practice experience in the AP field for more than six years: (mandatory) 
(1) Have a proficient command of the business management requirements and system functions of prepayment, AP invoice, application, system payment, and direct connection between banks and enterprises. 
(2) Be proficient in the calculation of input VAT (ordinary VAT/Cash Basis VAT) and WHT (WHT at the invoice date/WHT at the payment date). including tax treatment under progressive tax laws, tax control scenarios, and tax deduction scenarios. 
(3) Have a proficient command of the processing of IPV, ERV, and TERV algorithms in the AP domain. 
(4) Have a proficient command of the risk control and identification mechanism for payment security in the AP domain. 
2. Be proficient in the application architecture, information architecture, technical architecture, and technical development direction of EBS software packages or ERP and cloud products in the industry. Have a good understanding of the globalization/internationalization functions and architecture of ERP. Be familiar with new technologies or mainstream solutions in the industry. (Mandatory) 
3. As a senior expert in the EBS or ERP AP domain in the industry, have successful experience in achieving scattered manufacturing customers through best practices. (Mandatory) Have successful experience in leading the design, maintenance, and implementation of cross-domain or domain-level technical architecture, application architecture, and information architecture. 
5. Be familiar with the business flow, data flow, core business processing logic, data model, data table structure, data processing logic, and system control points of the EBS or ERP AP module in the industry. (Mandatory) 
6. Be familiar with EBS or ERP background technologies, background tables, APIs, and various development tools (including but not limited to Report Builder, Form Builder, PL/SQL, and ADF), and be able to interpret the code of EBS product functions. (Optional) 
7. Experience in ERP IT consulting or implementation for large multinational enterprises, experience in IT planning for large enterprises, experience in ERP cloudification, or experience in microservice design (optional) 
","月薪800,000~1,500,000元",['不拘'],大學,https://www.104.com.tw/job/6wsso,0,0,0,0,0,0,0
2020/05/14,環鴻科技股份有限公司,Engineering manager(Paris),消費性電子產品製造業,法國,"1. Communicate project goals and scope clearly with project team members and have them understand what to achieve
2. Support project DRIs to understand local situation and develop suitable project implement methods and partner with local teams on project execution on the selected sites.
3. Manage cross-sites' project activities and ensure project's direction and progress on track and achieve company's goals
4. Proactively identify problems and provide possible solution and resolve the problems with project teams.
5. Conduct operation management performance analysis based on knowledge in IE and/or in SMT, process engineering
6. Develop periodically project report
7. Coordinate cross-site meetings for project execution review",待遇面議,['不拘'],大學以上,https://www.104.com.tw/job/6u8ov,0,0,0,0,0,0,0
2020/04/24,新光人壽保險股份有限公司_桃揚通訊處(莊明佩)(核准編號:F-AL-109-091),人身保險業務員(儲備幹部),人身保險業,桃園市桃園區,"業務開發.收費事宜
公司行政庶務.活動配合
","月薪23,800~30,000元",['不拘'],高中以上,https://www.104.com.tw/job/6whwu,0,0,0,0,0,0,0
2020/04/24,新光人壽保險股份有限公司_桃揚通訊處(莊明佩)(核准編號:F-AL-109-091),保險業務員,人身保險業,桃園市桃園區,"業務開發.收費事宜
公司行政庶務.活動配合
","月薪23,800~30,000元",['不拘'],高中以上,https://www.104.com.tw/job/6whwt,0,0,0,0,0,0,0
2020/04/10,新馳科技有限公司,Sensor Fusion algorithm Engineer,電腦軟體服務業,台北市信義區,"1.	Responsibility:
a.	This position requires knowledge and experience in the state estimation of dynamic systems using various sensors in a 3D environment.
b.	The responsibilities include preprocessing and modeling sensors, identification of system dynamics, and fusion and estimation of states.
c.	The candidate is also responsible for develop, maintain, and improve the integrated estimation system while ensuring maximum availability and accuracy with minimum computational cost.

2.Minimum qualifications:
    a.	MS or Ph.D. in Computer Science, Electrical Engineering, or a related technic  al field.
    b.	Familiar with at least one of the sensor fusion algorithms such as the Kalman filter, particle filter, or optimization
    c.	Experience in implementation of state estimation algorithm
   d.	Experience in handling of practical sensors such as IMU, camera, and odometry.
   e.	Experience in C/C++ programming.

",待遇面議,"['數學及電算機科學學科類', '工業技藝及機械學科類', '工程學科類']",碩士以上,https://www.104.com.tw/job/6x12d,0,0,0,0,0,0,0
2020/04/01,台灣創先電子有限公司,Taipei-Account Executive (業務專員),其他半導體相關業,台北市信義區,"ACCOUNTABILITIES: 
 1. Performance to Budget
 2. Sales revenue Growth
 3. Relationship development throughout the customer’s organization. 
 4. Level of account penetration
 5. Future's Value Added Services deployed at customer

 JOB CONTENT:
 1. Meet or exceed program and sales objectives set by sales management.
 2. Establish and maintain relationships at al levels within the account (purchasing, materials, finance, and senior management)
 3. Strategize with management and establish detailed customer account plans including action plans with Inside Sales to achieve sales targets. 
 4. Review and work daily sales opportunities to ensure closure.
 5. Establish priorities and action plans with Inside Sales to pursue and book lost business at next quote.
 6. Review market information and work with various contacts to identify and develop both new and emerging accounts.
 7. Develop a clear understanding of customer business: products, services and organization
 8. Present RFQ’s with customer to ensure we are communicating our quote strengths and position for last look in final quote award
 9. Consistently follow-up on all bidding RFQs.
 10. Get involved in all Transfer Business inbound or outbound.
 11. Negotiate and close business with customer.
 12. Meet commitments made and maintain strong relationships with customers, suppliers and colleagues.
 13. Communicate on an on-going basis with Inside Sales to ensure Customer Profile and all activities information is updated.
 14. Work with the All OEM future sales teams as needed to ensure Future maximize design efforts in those customers to drive greater penetration in both OEM and EMS customers.

 COMPETENCIES:
 1. Result-oriented; Computer skills; Interpersonal skills; Negotiation abilities; Product knowledge; Team Player
 2. Have thorough knowledge of Future Systems (CRM, Associates) and utilize to drive efficient work flow out the customer and back into the organization.
 3. Product/technology Knowledge as it relates to our suppliers their competitors and our customer’s applications. ",待遇面議,"['資訊工程相關', '電機電子工程相關', '企業管理相關']",專科以上,https://www.104.com.tw/job/4t732,0,0,0,0,0,0,0
2020/03/04,台灣創先電子有限公司,HsinChu-Account Executive (業務專員),其他半導體相關業,新竹市,"ACCOUNTABILITIES: 
1. Performance to Budget
2. Sales revenue Growth
3. Relationship development throughout the customer’s organization. 
4. Level of account penetration
5. Future's Value Added Services deployed at customer

JOB CONTENT:
1. Meet or exceed program and sales objectives set by sales management.
2. Establish and maintain relationships at al levels within the account (purchasing, materials, finance, and senior management)
3. Strategize with management and establish detailed customer account plans including action plans with Inside Sales to achieve sales targets. 
4. Review and work daily sales opportunities to ensure closure.
5. Establish priorities and action plans with Inside Sales to pursue and book lost business at next quote.
6. Review market information and work with various contacts to identify and develop both new and emerging accounts.
7. Develop a clear understanding of customer business: products, services and organization
8. Present RFQ’s with customer to ensure we are communicating our quote strengths and position for last look in final quote award
9. Consistently follow-up on all bidding RFQs.
10. Get involved in all Transfer Business inbound or outbound.
11. Negotiate and close business with customer.
12. Meet commitments made and maintain strong relationships with customers, suppliers and colleagues.
13. Communicate on an on-going basis with Inside Sales to ensure Customer Profile and all activities information is updated.
14. Work with the All OEM future sales teams as needed to ensure Future maximize design efforts in those customers to drive greater penetration in both OEM and EMS customers.

COMPETENCIES:
1. Result-oriented; Computer skills; Interpersonal skills; Negotiation abilities; Product knowledge; Team Player
2. Have thorough knowledge of Future Systems (CRM, Associates) and utilize to drive efficient work flow out the customer and back into the organization.
3. Product/technology Knowledge as it relates to our suppliers their competitors and our customer’s applications.",待遇面議,"['資訊工程相關', '電機電子工程相關', '企業管理相關']",專科、大學、碩士,https://www.104.com.tw/job/3y744,0,0,0,0,0,0,0
